sample_id,dataset,organism_ch1,source_name_ch1,disease,health_state,brain_region,tissue,sex,age,disease_status
GSM1443249,combined_metadata.csv,Homo sapiens,entorhinal cortex,,,,,,,Unknown
GSM1443250,combined_metadata.csv,Homo sapiens,whole blood,,,,,,,Unknown
GSM1443251,combined_metadata.csv,Homo sapiens,prefrontal cortex brain,,,,,,,Unknown
GSM1443252,combined_metadata.csv,Homo sapiens,superior temporal gyrus,,,,,,,Unknown
GSM1443253,combined_metadata.csv,Homo sapiens,whole blood,,,,,,,Unknown
GSM1443254,combined_metadata.csv,Homo sapiens,cerebellum,,,,,,,Unknown
GSM1443255,combined_metadata.csv,Homo sapiens,superior temporal gyrus,,,,,,,Unknown
GSM1443256,combined_metadata.csv,Homo sapiens,prefrontal cortex brain,,,,,,,Unknown
GSM1443257,combined_metadata.csv,Homo sapiens,entorhinal cortex,,,,,,,Unknown
GSM1443258,combined_metadata.csv,Homo sapiens,prefrontal cortex brain,,,,,,,Unknown
GSM1443259,combined_metadata.csv,Homo sapiens,entorhinal cortex,,,,,,,Unknown
GSM1443260,combined_metadata.csv,Homo sapiens,superior temporal gyrus,,,,,,,Unknown
GSM1443261,combined_metadata.csv,Homo sapiens,cerebellum,,,,,,,Unknown
GSM1443262,combined_metadata.csv,Homo sapiens,superior temporal gyrus,,,,,,,Unknown
GSM1443263,combined_metadata.csv,Homo sapiens,prefrontal cortex brain,,,,,,,Unknown
GSM1443264,combined_metadata.csv,Homo sapiens,entorhinal cortex,,,,,,,Unknown
GSM1443265,combined_metadata.csv,Homo sapiens,cerebellum,,,,,,,Unknown
GSM1443266,combined_metadata.csv,Homo sapiens,whole blood,,,,,,,Unknown
GSM1443267,combined_metadata.csv,Homo sapiens,superior temporal gyrus,,,,,,,Unknown
GSM1443268,combined_metadata.csv,Homo sapiens,entorhinal cortex,,,,,,,Unknown
GSM1443269,combined_metadata.csv,Homo sapiens,prefrontal cortex brain,,,,,,,Unknown
GSM1443270,combined_metadata.csv,Homo sapiens,prefrontal cortex brain,,,,,,,Unknown
GSM1443271,combined_metadata.csv,Homo sapiens,superior temporal gyrus,,,,,,,Unknown
GSM1443272,combined_metadata.csv,Homo sapiens,whole blood,,,,,,,Unknown
GSM1443273,combined_metadata.csv,Homo sapiens,entorhinal cortex,,,,,,,Unknown
GSM1443274,combined_metadata.csv,Homo sapiens,cerebellum,,,,,,,Unknown
GSM1443275,combined_metadata.csv,Homo sapiens,entorhinal cortex,,,,,,,Unknown
GSM1443276,combined_metadata.csv,Homo sapiens,cerebellum,,,,,,,Unknown
GSM1443277,combined_metadata.csv,Homo sapiens,superior temporal gyrus,,,,,,,Unknown
GSM1443278,combined_metadata.csv,Homo sapiens,whole blood,,,,,,,Unknown
GSM1443279,combined_metadata.csv,Homo sapiens,prefrontal cortex brain,,,,,,,Unknown
GSM1443280,combined_metadata.csv,Homo sapiens,cerebellum,,,,,,,Unknown
GSM1443281,combined_metadata.csv,Homo sapiens,entorhinal cortex,,,,,,,Unknown
GSM1443282,combined_metadata.csv,Homo sapiens,superior temporal gyrus,,,,,,,Unknown
GSM1443283,combined_metadata.csv,Homo sapiens,prefrontal cortex brain,,,,,,,Unknown
GSM1443284,combined_metadata.csv,Homo sapiens,whole blood,,,,,,,Unknown
GSM1443285,combined_metadata.csv,Homo sapiens,prefrontal cortex brain,,,,,,,Unknown
GSM1443286,combined_metadata.csv,Homo sapiens,cerebellum,,,,,,,Unknown
GSM1443287,combined_metadata.csv,Homo sapiens,superior temporal gyrus,,,,,,,Unknown
GSM1443288,combined_metadata.csv,Homo sapiens,entorhinal cortex,,,,,,,Unknown
GSM1443289,combined_metadata.csv,Homo sapiens,prefrontal cortex brain,,,,,,,Unknown
GSM1443290,combined_metadata.csv,Homo sapiens,whole blood,,,,,,,Unknown
GSM1443291,combined_metadata.csv,Homo sapiens,cerebellum,,,,,,,Unknown
GSM1443292,combined_metadata.csv,Homo sapiens,entorhinal cortex,,,,,,,Unknown
GSM1443293,combined_metadata.csv,Homo sapiens,superior temporal gyrus,,,,,,,Unknown
GSM1443294,combined_metadata.csv,Homo sapiens,whole blood,,,,,,,Unknown
GSM1443295,combined_metadata.csv,Homo sapiens,cerebellum,,,,,,,Unknown
GSM1443296,combined_metadata.csv,Homo sapiens,entorhinal cortex,,,,,,,Unknown
GSM1443297,combined_metadata.csv,Homo sapiens,superior temporal gyrus,,,,,,,Unknown
GSM1443298,combined_metadata.csv,Homo sapiens,prefrontal cortex brain,,,,,,,Unknown
GSM1443299,combined_metadata.csv,Homo sapiens,prefrontal cortex brain,,,,,,,Unknown
GSM1443300,combined_metadata.csv,Homo sapiens,cerebellum,,,,,,,Unknown
GSM1443301,combined_metadata.csv,Homo sapiens,superior temporal gyrus,,,,,,,Unknown
GSM1443302,combined_metadata.csv,Homo sapiens,entorhinal cortex,,,,,,,Unknown
GSM1443303,combined_metadata.csv,Homo sapiens,whole blood,,,,,,,Unknown
GSM1443304,combined_metadata.csv,Homo sapiens,prefrontal cortex brain,,,,,,,Unknown
GSM1443305,combined_metadata.csv,Homo sapiens,whole blood,,,,,,,Unknown
GSM1443306,combined_metadata.csv,Homo sapiens,cerebellum,,,,,,,Unknown
GSM1443307,combined_metadata.csv,Homo sapiens,superior temporal gyrus,,,,,,,Unknown
GSM1443308,combined_metadata.csv,Homo sapiens,entorhinal cortex,,,,,,,Unknown
GSM1443309,combined_metadata.csv,Homo sapiens,entorhinal cortex,,,,,,,Unknown
GSM1443310,combined_metadata.csv,Homo sapiens,superior temporal gyrus,,,,,,,Unknown
GSM1443311,combined_metadata.csv,Homo sapiens,prefrontal cortex brain,,,,,,,Unknown
GSM1443312,combined_metadata.csv,Homo sapiens,whole blood,,,,,,,Unknown
GSM1443313,combined_metadata.csv,Homo sapiens,cerebellum,,,,,,,Unknown
GSM1443314,combined_metadata.csv,Homo sapiens,prefrontal cortex brain,,,,,,,Unknown
GSM1443315,combined_metadata.csv,Homo sapiens,cerebellum,,,,,,,Unknown
GSM1443316,combined_metadata.csv,Homo sapiens,whole blood,,,,,,,Unknown
GSM1443317,combined_metadata.csv,Homo sapiens,superior temporal gyrus,,,,,,,Unknown
GSM1443318,combined_metadata.csv,Homo sapiens,entorhinal cortex,,,,,,,Unknown
GSM1443319,combined_metadata.csv,Homo sapiens,cerebellum,,,,,,,Unknown
GSM1443320,combined_metadata.csv,Homo sapiens,superior temporal gyrus,,,,,,,Unknown
GSM1443321,combined_metadata.csv,Homo sapiens,prefrontal cortex brain,,,,,,,Unknown
GSM1443322,combined_metadata.csv,Homo sapiens,whole blood,,,,,,,Unknown
GSM1443323,combined_metadata.csv,Homo sapiens,superior temporal gyrus,,,,,,,Unknown
GSM1443324,combined_metadata.csv,Homo sapiens,whole blood,,,,,,,Unknown
GSM1443325,combined_metadata.csv,Homo sapiens,cerebellum,,,,,,,Unknown
GSM1443326,combined_metadata.csv,Homo sapiens,prefrontal cortex brain,,,,,,,Unknown
GSM1443327,combined_metadata.csv,Homo sapiens,entorhinal cortex,,,,,,,Unknown
GSM1443328,combined_metadata.csv,Homo sapiens,entorhinal cortex,,,,,,,Unknown
GSM1443329,combined_metadata.csv,Homo sapiens,superior temporal gyrus,,,,,,,Unknown
GSM1443330,combined_metadata.csv,Homo sapiens,cerebellum,,,,,,,Unknown
GSM1443331,combined_metadata.csv,Homo sapiens,whole blood,,,,,,,Unknown
GSM1443332,combined_metadata.csv,Homo sapiens,prefrontal cortex brain,,,,,,,Unknown
GSM1443333,combined_metadata.csv,Homo sapiens,cerebellum,,,,,,,Unknown
GSM1443334,combined_metadata.csv,Homo sapiens,whole blood,,,,,,,Unknown
GSM1443335,combined_metadata.csv,Homo sapiens,entorhinal cortex,,,,,,,Unknown
GSM1443336,combined_metadata.csv,Homo sapiens,prefrontal cortex brain,,,,,,,Unknown
GSM1443337,combined_metadata.csv,Homo sapiens,superior temporal gyrus,,,,,,,Unknown
GSM1443338,combined_metadata.csv,Homo sapiens,cerebellum,,,,,,,Unknown
GSM1443340,combined_metadata.csv,Homo sapiens,superior temporal gyrus,,,,,,,Unknown
GSM1443341,combined_metadata.csv,Homo sapiens,prefrontal cortex brain,,,,,,,Unknown
GSM1443342,combined_metadata.csv,Homo sapiens,entorhinal cortex,,,,,,,Unknown
GSM1443343,combined_metadata.csv,Homo sapiens,whole blood,,,,,,,Unknown
GSM1443344,combined_metadata.csv,Homo sapiens,superior temporal gyrus,,,,,,,Unknown
GSM1443345,combined_metadata.csv,Homo sapiens,cerebellum,,,,,,,Unknown
GSM1443346,combined_metadata.csv,Homo sapiens,entorhinal cortex,,,,,,,Unknown
GSM1443347,combined_metadata.csv,Homo sapiens,prefrontal cortex brain,,,,,,,Unknown
GSM1443348,combined_metadata.csv,Homo sapiens,whole blood,,,,,,,Unknown
GSM1443349,combined_metadata.csv,Homo sapiens,prefrontal cortex brain,,,,,,,Unknown
GSM1443350,combined_metadata.csv,Homo sapiens,superior temporal gyrus,,,,,,,Unknown
GSM1443351,combined_metadata.csv,Homo sapiens,entorhinal cortex,,,,,,,Unknown
GSM1443352,combined_metadata.csv,Homo sapiens,cerebellum,,,,,,,Unknown
GSM1443353,combined_metadata.csv,Homo sapiens,superior temporal gyrus,,,,,,,Unknown
GSM1443354,combined_metadata.csv,Homo sapiens,cerebellum,,,,,,,Unknown
GSM1443356,combined_metadata.csv,Homo sapiens,entorhinal cortex,,,,,,,Unknown
GSM1443357,combined_metadata.csv,Homo sapiens,whole blood,,,,,,,Unknown
GSM1443358,combined_metadata.csv,Homo sapiens,prefrontal cortex brain,,,,,,,Unknown
GSM1443359,combined_metadata.csv,Homo sapiens,prefrontal cortex brain,,,,,,,Unknown
GSM1443360,combined_metadata.csv,Homo sapiens,superior temporal gyrus,,,,,,,Unknown
GSM1443361,combined_metadata.csv,Homo sapiens,cerebellum,,,,,,,Unknown
GSM1443362,combined_metadata.csv,Homo sapiens,entorhinal cortex,,,,,,,Unknown
GSM1443363,combined_metadata.csv,Homo sapiens,whole blood,,,,,,,Unknown
GSM1443364,combined_metadata.csv,Homo sapiens,prefrontal cortex brain,,,,,,,Unknown
GSM1443365,combined_metadata.csv,Homo sapiens,entorhinal cortex,,,,,,,Unknown
GSM1443366,combined_metadata.csv,Homo sapiens,superior temporal gyrus,,,,,,,Unknown
GSM1443368,combined_metadata.csv,Homo sapiens,cerebellum,,,,,,,Unknown
GSM1443369,combined_metadata.csv,Homo sapiens,entorhinal cortex,,,,,,,Unknown
GSM1443370,combined_metadata.csv,Homo sapiens,prefrontal cortex brain,,,,,,,Unknown
GSM1443371,combined_metadata.csv,Homo sapiens,cerebellum,,,,,,,Unknown
GSM1443372,combined_metadata.csv,Homo sapiens,whole blood,,,,,,,Unknown
GSM1443373,combined_metadata.csv,Homo sapiens,superior temporal gyrus,,,,,,,Unknown
GSM1443374,combined_metadata.csv,Homo sapiens,prefrontal cortex brain,,,,,,,Unknown
GSM1443375,combined_metadata.csv,Homo sapiens,whole blood,,,,,,,Unknown
GSM1443376,combined_metadata.csv,Homo sapiens,entorhinal cortex,,,,,,,Unknown
GSM1443377,combined_metadata.csv,Homo sapiens,superior temporal gyrus,,,,,,,Unknown
GSM1443378,combined_metadata.csv,Homo sapiens,cerebellum,,,,,,,Unknown
GSM1443379,combined_metadata.csv,Homo sapiens,superior temporal gyrus,,,,,,,Unknown
GSM1443381,combined_metadata.csv,Homo sapiens,prefrontal cortex brain,,,,,,,Unknown
GSM1443382,combined_metadata.csv,Homo sapiens,cerebellum,,,,,,,Unknown
GSM1443383,combined_metadata.csv,Homo sapiens,entorhinal cortex,,,,,,,Unknown
GSM1443384,combined_metadata.csv,Homo sapiens,cerebellum,,,,,,,Unknown
GSM1443385,combined_metadata.csv,Homo sapiens,whole blood,,,,,,,Unknown
GSM1443386,combined_metadata.csv,Homo sapiens,entorhinal cortex,,,,,,,Unknown
GSM1443387,combined_metadata.csv,Homo sapiens,prefrontal cortex brain,,,,,,,Unknown
GSM1443388,combined_metadata.csv,Homo sapiens,superior temporal gyrus,,,,,,,Unknown
GSM1443389,combined_metadata.csv,Homo sapiens,prefrontal cortex brain,,,,,,,Unknown
GSM1443390,combined_metadata.csv,Homo sapiens,cerebellum,,,,,,,Unknown
GSM1443391,combined_metadata.csv,Homo sapiens,entorhinal cortex,,,,,,,Unknown
GSM1443392,combined_metadata.csv,Homo sapiens,superior temporal gyrus,,,,,,,Unknown
GSM1443393,combined_metadata.csv,Homo sapiens,whole blood,,,,,,,Unknown
GSM1443395,combined_metadata.csv,Homo sapiens,prefrontal cortex brain,,,,,,,Unknown
GSM1443396,combined_metadata.csv,Homo sapiens,cerebellum,,,,,,,Unknown
GSM1443397,combined_metadata.csv,Homo sapiens,entorhinal cortex,,,,,,,Unknown
GSM1443398,combined_metadata.csv,Homo sapiens,superior temporal gyrus,,,,,,,Unknown
GSM1443399,combined_metadata.csv,Homo sapiens,whole blood,,,,,,,Unknown
GSM1443400,combined_metadata.csv,Homo sapiens,whole blood,,,,,,,Unknown
GSM1443401,combined_metadata.csv,Homo sapiens,superior temporal gyrus,,,,,,,Unknown
GSM1443402,combined_metadata.csv,Homo sapiens,prefrontal cortex brain,,,,,,,Unknown
GSM1443403,combined_metadata.csv,Homo sapiens,entorhinal cortex,,,,,,,Unknown
GSM1443404,combined_metadata.csv,Homo sapiens,cerebellum,,,,,,,Unknown
GSM1443405,combined_metadata.csv,Homo sapiens,cerebellum,,,,,,,Unknown
GSM1443407,combined_metadata.csv,Homo sapiens,whole blood,,,,,,,Unknown
GSM1443408,combined_metadata.csv,Homo sapiens,prefrontal cortex brain,,,,,,,Unknown
GSM1443409,combined_metadata.csv,Homo sapiens,superior temporal gyrus,,,,,,,Unknown
GSM1443410,combined_metadata.csv,Homo sapiens,entorhinal cortex,,,,,,,Unknown
GSM1443411,combined_metadata.csv,Homo sapiens,superior temporal gyrus,,,,,,,Unknown
GSM1443412,combined_metadata.csv,Homo sapiens,entorhinal cortex,,,,,,,Unknown
GSM1443413,combined_metadata.csv,Homo sapiens,prefrontal cortex brain,,,,,,,Unknown
GSM1443414,combined_metadata.csv,Homo sapiens,whole blood,,,,,,,Unknown
GSM1443415,combined_metadata.csv,Homo sapiens,cerebellum,,,,,,,Unknown
GSM1443416,combined_metadata.csv,Homo sapiens,prefrontal cortex brain,,,,,,,Unknown
GSM1443417,combined_metadata.csv,Homo sapiens,entorhinal cortex,,,,,,,Unknown
GSM1443418,combined_metadata.csv,Homo sapiens,cerebellum,,,,,,,Unknown
GSM1443420,combined_metadata.csv,Homo sapiens,superior temporal gyrus,,,,,,,Unknown
GSM1443421,combined_metadata.csv,Homo sapiens,superior temporal gyrus,,,,,,,Unknown
GSM1443422,combined_metadata.csv,Homo sapiens,entorhinal cortex,,,,,,,Unknown
GSM1443423,combined_metadata.csv,Homo sapiens,prefrontal cortex brain,,,,,,,Unknown
GSM1443424,combined_metadata.csv,Homo sapiens,cerebellum,,,,,,,Unknown
GSM1443425,combined_metadata.csv,Homo sapiens,whole blood,,,,,,,Unknown
GSM1443426,combined_metadata.csv,Homo sapiens,cerebellum,,,,,,,Unknown
GSM1443427,combined_metadata.csv,Homo sapiens,superior temporal gyrus,,,,,,,Unknown
GSM1443428,combined_metadata.csv,Homo sapiens,prefrontal cortex brain,,,,,,,Unknown
GSM1443430,combined_metadata.csv,Homo sapiens,entorhinal cortex,,,,,,,Unknown
GSM1443431,combined_metadata.csv,Homo sapiens,superior temporal gyrus,,,,,,,Unknown
GSM1443432,combined_metadata.csv,Homo sapiens,entorhinal cortex,,,,,,,Unknown
GSM1443433,combined_metadata.csv,Homo sapiens,whole blood,,,,,,,Unknown
GSM1443434,combined_metadata.csv,Homo sapiens,prefrontal cortex brain,,,,,,,Unknown
GSM1443435,combined_metadata.csv,Homo sapiens,cerebellum,,,,,,,Unknown
GSM1443436,combined_metadata.csv,Homo sapiens,superior temporal gyrus,,,,,,,Unknown
GSM1443437,combined_metadata.csv,Homo sapiens,entorhinal cortex,,,,,,,Unknown
GSM1443438,combined_metadata.csv,Homo sapiens,prefrontal cortex brain,,,,,,,Unknown
GSM1443439,combined_metadata.csv,Homo sapiens,whole blood,,,,,,,Unknown
GSM1443440,combined_metadata.csv,Homo sapiens,cerebellum,,,,,,,Unknown
GSM1443442,combined_metadata.csv,Homo sapiens,entorhinal cortex,,,,,,,Unknown
GSM1443443,combined_metadata.csv,Homo sapiens,prefrontal cortex brain brain,,,,,,,Unknown
GSM1443444,combined_metadata.csv,Homo sapiens,superior temporal gyrus,,,,,,,Unknown
GSM1443445,combined_metadata.csv,Homo sapiens,whole blood,,,,,,,Unknown
GSM1443446,combined_metadata.csv,Homo sapiens,cerebellum,,,,,,,Unknown
GSM1443447,combined_metadata.csv,Homo sapiens,cerebellum,,,,,,,Unknown
GSM1443448,combined_metadata.csv,Homo sapiens,superior temporal gyrus,,,,,,,Unknown
GSM1443449,combined_metadata.csv,Homo sapiens,prefrontal cortex brain,,,,,,,Unknown
GSM1443450,combined_metadata.csv,Homo sapiens,entorhinal cortex,,,,,,,Unknown
GSM1443451,combined_metadata.csv,Homo sapiens,whole blood,,,,,,,Unknown
GSM1443452,combined_metadata.csv,Homo sapiens,cerebellum,,,,,,,Unknown
GSM1443453,combined_metadata.csv,Homo sapiens,entorhinal cortex,,,,,,,Unknown
GSM1443455,combined_metadata.csv,Homo sapiens,prefrontal cortex brain,,,,,,,Unknown
GSM1443456,combined_metadata.csv,Homo sapiens,superior temporal gyrus,,,,,,,Unknown
GSM1443457,combined_metadata.csv,Homo sapiens,superior temporal gyrus,,,,,,,Unknown
GSM1443458,combined_metadata.csv,Homo sapiens,entorhinal cortex,,,,,,,Unknown
GSM1443459,combined_metadata.csv,Homo sapiens,prefrontal cortex brain,,,,,,,Unknown
GSM1443460,combined_metadata.csv,Homo sapiens,cerebellum,,,,,,,Unknown
GSM1443461,combined_metadata.csv,Homo sapiens,prefrontal cortex brain,,,,,,,Unknown
GSM1443462,combined_metadata.csv,Homo sapiens,cerebellum,,,,,,,Unknown
GSM1443463,combined_metadata.csv,Homo sapiens,superior temporal gyrus,,,,,,,Unknown
GSM1443464,combined_metadata.csv,Homo sapiens,entorhinal cortex,,,,,,,Unknown
GSM1443465,combined_metadata.csv,Homo sapiens,cerebellum,,,,,,,Unknown
GSM1443466,combined_metadata.csv,Homo sapiens,prefrontal cortex brain,,,,,,,Unknown
GSM1443468,combined_metadata.csv,Homo sapiens,superior temporal gyrus,,,,,,,Unknown
GSM1443469,combined_metadata.csv,Homo sapiens,entorhinal cortex,,,,,,,Unknown
GSM1443470,combined_metadata.csv,Homo sapiens,whole blood,,,,,,,Unknown
GSM1443471,combined_metadata.csv,Homo sapiens,cerebellum,,,,,,,Unknown
GSM1443472,combined_metadata.csv,Homo sapiens,superior temporal gyrus,,,,,,,Unknown
GSM1443473,combined_metadata.csv,Homo sapiens,prefrontal cortex brain,,,,,,,Unknown
GSM1443474,combined_metadata.csv,Homo sapiens,entorhinal cortex,,,,,,,Unknown
GSM1443475,combined_metadata.csv,Homo sapiens,prefrontal cortex brain,,,,,,,Unknown
GSM1443476,combined_metadata.csv,Homo sapiens,superior temporal gyrus,,,,,,,Unknown
GSM1443477,combined_metadata.csv,Homo sapiens,cerebellum,,,,,,,Unknown
GSM1443478,combined_metadata.csv,Homo sapiens,cerebellum,,,,,,,Unknown
GSM1443480,combined_metadata.csv,Homo sapiens,superior temporal gyrus,,,,,,,Unknown
GSM1443481,combined_metadata.csv,Homo sapiens,entorhinal cortex,,,,,,,Unknown
GSM1443482,combined_metadata.csv,Homo sapiens,prefrontal cortex brain,,,,,,,Unknown
GSM1443483,combined_metadata.csv,Homo sapiens,superior temporal gyrus,,,,,,,Unknown
GSM1443484,combined_metadata.csv,Homo sapiens,cerebellum,,,,,,,Unknown
GSM1443485,combined_metadata.csv,Homo sapiens,prefrontal cortex brain,,,,,,,Unknown
GSM1443486,combined_metadata.csv,Homo sapiens,cerebellum,,,,,,,Unknown
GSM1443487,combined_metadata.csv,Homo sapiens,superior temporal gyrus,,,,,,,Unknown
GSM1443488,combined_metadata.csv,Homo sapiens,entorhinal cortex,,,,,,,Unknown
GSM1443489,combined_metadata.csv,Homo sapiens,superior temporal gyrus,,,,,,,Unknown
GSM1443490,combined_metadata.csv,Homo sapiens,cerebellum,,,,,,,Unknown
GSM1443492,combined_metadata.csv,Homo sapiens,superior temporal gyrus,,,,,,,Unknown
GSM1443493,combined_metadata.csv,Homo sapiens,cerebellum,,,,,,,Unknown
GSM1443494,combined_metadata.csv,Homo sapiens,prefrontal cortex brain,,,,,,,Unknown
GSM1443495,combined_metadata.csv,Homo sapiens,prefrontal cortex brain,,,,,,,Unknown
GSM1443496,combined_metadata.csv,Homo sapiens,superior temporal gyrus,,,,,,,Unknown
GSM1443497,combined_metadata.csv,Homo sapiens,prefrontal cortex brain,,,,,,,Unknown
GSM1443498,combined_metadata.csv,Homo sapiens,entorhinal cortex,,,,,,,Unknown
GSM1443499,combined_metadata.csv,Homo sapiens,superior temporal gyrus,,,,,,,Unknown
GSM1443500,combined_metadata.csv,Homo sapiens,cerebellum,,,,,,,Unknown
GSM1443501,combined_metadata.csv,Homo sapiens,whole blood,,,,,,,Unknown
GSM1443502,combined_metadata.csv,Homo sapiens,superior temporal gyrus,,,,,,,Unknown
GSM1443503,combined_metadata.csv,Homo sapiens,prefrontal cortex brain,,,,,,,Unknown
GSM1443505,combined_metadata.csv,Homo sapiens,entorhinal cortex,,,,,,,Unknown
GSM1443506,combined_metadata.csv,Homo sapiens,cerebellum,,,,,,,Unknown
GSM1443507,combined_metadata.csv,Homo sapiens,superior temporal gyrus,,,,,,,Unknown
GSM1443508,combined_metadata.csv,Homo sapiens,entorhinal cortex,,,,,,,Unknown
GSM1443509,combined_metadata.csv,Homo sapiens,prefrontal cortex brain,,,,,,,Unknown
GSM1443510,combined_metadata.csv,Homo sapiens,cerebellum,,,,,,,Unknown
GSM1443511,combined_metadata.csv,Homo sapiens,entorhinal cortex,,,,,,,Unknown
GSM1443512,combined_metadata.csv,Homo sapiens,whole blood,,,,,,,Unknown
GSM1443513,combined_metadata.csv,Homo sapiens,prefrontal cortex brain,,,,,,,Unknown
GSM1443514,combined_metadata.csv,Homo sapiens,superior temporal gyrus,,,,,,,Unknown
GSM1443515,combined_metadata.csv,Homo sapiens,entorhinal cortex,,,,,,,Unknown
GSM1443516,combined_metadata.csv,Homo sapiens,superior temporal gyrus,,,,,,,Unknown
GSM1443518,combined_metadata.csv,Homo sapiens,prefrontal cortex brain,,,,,,,Unknown
GSM1443519,combined_metadata.csv,Homo sapiens,whole blood,,,,,,,Unknown
GSM1443520,combined_metadata.csv,Homo sapiens,cerebellum,,,,,,,Unknown
GSM1443521,combined_metadata.csv,Homo sapiens,superior temporal gyrus,,,,,,,Unknown
GSM1443522,combined_metadata.csv,Homo sapiens,prefrontal cortex brain,,,,,,,Unknown
GSM1443523,combined_metadata.csv,Homo sapiens,cerebellum,,,,,,,Unknown
GSM1443524,combined_metadata.csv,Homo sapiens,entorhinal cortex,,,,,,,Unknown
GSM1443525,combined_metadata.csv,Homo sapiens,cerebellum,,,,,,,Unknown
GSM1443526,combined_metadata.csv,Homo sapiens,superior temporal gyrus,,,,,,,Unknown
GSM1443527,combined_metadata.csv,Homo sapiens,prefrontal cortex brain,,,,,,,Unknown
GSM1443528,combined_metadata.csv,Homo sapiens,entorhinal cortex,,,,,,,Unknown
GSM1443529,combined_metadata.csv,Homo sapiens,entorhinal cortex,,,,,,,Unknown
GSM1443531,combined_metadata.csv,Homo sapiens,prefrontal cortex brain,,,,,,,Unknown
GSM1443532,combined_metadata.csv,Homo sapiens,cerebellum,,,,,,,Unknown
GSM1443533,combined_metadata.csv,Homo sapiens,superior temporal gyrus,,,,,,,Unknown
GSM1443534,combined_metadata.csv,Homo sapiens,prefrontal cortex brain,,,,,,,Unknown
GSM1443535,combined_metadata.csv,Homo sapiens,entorhinal cortex,,,,,,,Unknown
GSM1443536,combined_metadata.csv,Homo sapiens,cerebellum,,,,,,,Unknown
GSM1443537,combined_metadata.csv,Homo sapiens,superior temporal gyrus,,,,,,,Unknown
GSM1443538,combined_metadata.csv,Homo sapiens,entorhinal cortex,,,,,,,Unknown
GSM1443539,combined_metadata.csv,Homo sapiens,cerebellum,,,,,,,Unknown
GSM1443540,combined_metadata.csv,Homo sapiens,superior temporal gyrus,,,,,,,Unknown
GSM1443541,combined_metadata.csv,Homo sapiens,prefrontal cortex brain,,,,,,,Unknown
GSM1443543,combined_metadata.csv,Homo sapiens,whole blood,,,,,,,Unknown
GSM1443544,combined_metadata.csv,Homo sapiens,cerebellum,,,,,,,Unknown
GSM1443545,combined_metadata.csv,Homo sapiens,superior temporal gyrus,,,,,,,Unknown
GSM1443546,combined_metadata.csv,Homo sapiens,entorhinal cortex,,,,,,,Unknown
GSM1443547,combined_metadata.csv,Homo sapiens,prefrontal cortex brain,,,,,,,Unknown
GSM1443548,combined_metadata.csv,Homo sapiens,whole blood,,,,,,,Unknown
GSM1443549,combined_metadata.csv,Homo sapiens,cerebellum,,,,,,,Unknown
GSM1443550,combined_metadata.csv,Homo sapiens,prefrontal cortex brain,,,,,,,Unknown
GSM1443551,combined_metadata.csv,Homo sapiens,entorhinal cortex,,,,,,,Unknown
GSM1443552,combined_metadata.csv,Homo sapiens,superior temporal gyrus,,,,,,,Unknown
GSM1443553,combined_metadata.csv,Homo sapiens,whole blood,,,,,,,Unknown
GSM1443555,combined_metadata.csv,Homo sapiens,entorhinal cortex,,,,,,,Unknown
GSM1443556,combined_metadata.csv,Homo sapiens,cerebellum,,,,,,,Unknown
GSM1443557,combined_metadata.csv,Homo sapiens,prefrontal cortex brain,,,,,,,Unknown
GSM1443558,combined_metadata.csv,Homo sapiens,superior temporal gyrus,,,,,,,Unknown
GSM1443559,combined_metadata.csv,Homo sapiens,whole blood,,,,,,,Unknown
GSM1443560,combined_metadata.csv,Homo sapiens,cerebellum,,,,,,,Unknown
GSM1443561,combined_metadata.csv,Homo sapiens,whole blood,,,,,,,Unknown
GSM1443562,combined_metadata.csv,Homo sapiens,superior temporal gyrus,,,,,,,Unknown
GSM1443563,combined_metadata.csv,Homo sapiens,prefrontal cortex brain,,,,,,,Unknown
GSM1443564,combined_metadata.csv,Homo sapiens,whole blood,,,,,,,Unknown
GSM1443565,combined_metadata.csv,Homo sapiens,prefrontal cortex brain,,,,,,,Unknown
GSM1443566,combined_metadata.csv,Homo sapiens,cerebellum,,,,,,,Unknown
GSM1443568,combined_metadata.csv,Homo sapiens,superior temporal gyrus,,,,,,,Unknown
GSM1443569,combined_metadata.csv,Homo sapiens,entorhinal cortex,,,,,,,Unknown
GSM1443570,combined_metadata.csv,Homo sapiens,whole blood,,,,,,,Unknown
GSM1443571,combined_metadata.csv,Homo sapiens,entorhinal cortex,,,,,,,Unknown
GSM1443572,combined_metadata.csv,Homo sapiens,cerebellum,,,,,,,Unknown
GSM1443573,combined_metadata.csv,Homo sapiens,prefrontal cortex brain,,,,,,,Unknown
GSM1443574,combined_metadata.csv,Homo sapiens,superior temporal gyrus,,,,,,,Unknown
GSM1443575,combined_metadata.csv,Homo sapiens,cerebellum,,,,,,,Unknown
GSM1443576,combined_metadata.csv,Homo sapiens,whole blood,,,,,,,Unknown
GSM1443577,combined_metadata.csv,Homo sapiens,prefrontal cortex brain,,,,,,,Unknown
GSM1443578,combined_metadata.csv,Homo sapiens,superior temporal gyrus,,,,,,,Unknown
GSM1443579,combined_metadata.csv,Homo sapiens,entorhinal cortex,,,,,,,Unknown
GSM1443581,combined_metadata.csv,Homo sapiens,entorhinal cortex,,,,,,,Unknown
GSM1443582,combined_metadata.csv,Homo sapiens,cerebellum,,,,,,,Unknown
GSM1443583,combined_metadata.csv,Homo sapiens,prefrontal cortex brain,,,,,,,Unknown
GSM1443584,combined_metadata.csv,Homo sapiens,whole blood,,,,,,,Unknown
GSM1443585,combined_metadata.csv,Homo sapiens,superior temporal gyrus,,,,,,,Unknown
GSM1443586,combined_metadata.csv,Homo sapiens,prefrontal cortex brain,,,,,,,Unknown
GSM1443587,combined_metadata.csv,Homo sapiens,entorhinal cortex,,,,,,,Unknown
GSM1443588,combined_metadata.csv,Homo sapiens,cerebellum,,,,,,,Unknown
GSM1443589,combined_metadata.csv,Homo sapiens,superior temporal gyrus,,,,,,,Unknown
GSM1443590,combined_metadata.csv,Homo sapiens,whole blood,,,,,,,Unknown
GSM1443591,combined_metadata.csv,Homo sapiens,cerebellum,,,,,,,Unknown
GSM1443592,combined_metadata.csv,Homo sapiens,prefrontal cortex brain,,,,,,,Unknown
GSM1443593,combined_metadata.csv,Homo sapiens,whole blood,,,,,,,Unknown
GSM1443595,combined_metadata.csv,Homo sapiens,superior temporal gyrus,,,,,,,Unknown
GSM1443596,combined_metadata.csv,Homo sapiens,entorhinal cortex,,,,,,,Unknown
GSM1443597,combined_metadata.csv,Homo sapiens,prefrontal cortex brain,,,,,,,Unknown
GSM1443598,combined_metadata.csv,Homo sapiens,entorhinal cortex,,,,,,,Unknown
GSM1443599,combined_metadata.csv,Homo sapiens,superior temporal gyrus,,,,,,,Unknown
GSM1443600,combined_metadata.csv,Homo sapiens,cerebellum,,,,,,,Unknown
GSM1443601,combined_metadata.csv,Homo sapiens,whole blood,,,,,,,Unknown
GSM1443602,combined_metadata.csv,Homo sapiens,superior temporal gyrus,,,,,,,Unknown
GSM1443603,combined_metadata.csv,Homo sapiens,prefrontal cortex brain,,,,,,,Unknown
GSM1443604,combined_metadata.csv,Homo sapiens,entorhinal cortex,,,,,,,Unknown
GSM1443605,combined_metadata.csv,Homo sapiens,cerebellum,,,,,,,Unknown
GSM1443606,combined_metadata.csv,Homo sapiens,whole blood,,,,,,,Unknown
GSM1443607,combined_metadata.csv,Homo sapiens,whole blood,,,,,,,Unknown
GSM1443608,combined_metadata.csv,Homo sapiens,entorhinal cortex,,,,,,,Unknown
GSM1443609,combined_metadata.csv,Homo sapiens,superior temporal gyrus,,,,,,,Unknown
GSM1443610,combined_metadata.csv,Homo sapiens,cerebellum,,,,,,,Unknown
GSM1443611,combined_metadata.csv,Homo sapiens,prefrontal cortex brain,,,,,,,Unknown
GSM1443612,combined_metadata.csv,Homo sapiens,entorhinal cortex,,,,,,,Unknown
GSM1443613,combined_metadata.csv,Homo sapiens,whole blood,,,,,,,Unknown
GSM1443614,combined_metadata.csv,Homo sapiens,superior temporal gyrus,,,,,,,Unknown
GSM1443615,combined_metadata.csv,Homo sapiens,prefrontal cortex brain,,,,,,,Unknown
GSM1443616,combined_metadata.csv,Homo sapiens,cerebellum,,,,,,,Unknown
GSM1443617,combined_metadata.csv,Homo sapiens,whole blood,,,,,,,Unknown
GSM1443618,combined_metadata.csv,Homo sapiens,entorhinal cortex,,,,,,,Unknown
GSM1443619,combined_metadata.csv,Homo sapiens,cerebellum,,,,,,,Unknown
GSM1443620,combined_metadata.csv,Homo sapiens,superior temporal gyrus,,,,,,,Unknown
GSM1443621,combined_metadata.csv,Homo sapiens,prefrontal cortex brain,,,,,,,Unknown
GSM1443622,combined_metadata.csv,Homo sapiens,entorhinal cortex,,,,,,,Unknown
GSM1443623,combined_metadata.csv,Homo sapiens,superior temporal gyrus,,,,,,,Unknown
GSM1443624,combined_metadata.csv,Homo sapiens,cerebellum,,,,,,,Unknown
GSM1443625,combined_metadata.csv,Homo sapiens,prefrontal cortex brain,,,,,,,Unknown
GSM1443626,combined_metadata.csv,Homo sapiens,prefrontal cortex brain,,,,,,,Unknown
GSM1443627,combined_metadata.csv,Homo sapiens,superior temporal gyrus,,,,,,,Unknown
GSM1443628,combined_metadata.csv,Homo sapiens,entorhinal cortex,,,,,,,Unknown
GSM1443629,combined_metadata.csv,Homo sapiens,cerebellum,,,,,,,Unknown
GSM1443630,combined_metadata.csv,Homo sapiens,whole blood,,,,,,,Unknown
GSM1443631,combined_metadata.csv,Homo sapiens,entorhinal cortex,,,,,,,Unknown
GSM1443632,combined_metadata.csv,Homo sapiens,prefrontal cortex brain,,,,,,,Unknown
GSM1443633,combined_metadata.csv,Homo sapiens,whole blood,,,,,,,Unknown
GSM1443634,combined_metadata.csv,Homo sapiens,superior temporal gyrus,,,,,,,Unknown
GSM1443635,combined_metadata.csv,Homo sapiens,cerebellum,,,,,,,Unknown
GSM1443636,combined_metadata.csv,Homo sapiens,superior temporal gyrus,,,,,,,Unknown
GSM1443637,combined_metadata.csv,Homo sapiens,entorhinal cortex,,,,,,,Unknown
GSM1443638,combined_metadata.csv,Homo sapiens,whole blood,,,,,,,Unknown
GSM1443639,combined_metadata.csv,Homo sapiens,cerebellum,,,,,,,Unknown
GSM1443640,combined_metadata.csv,Homo sapiens,prefrontal cortex brain,,,,,,,Unknown
GSM1443641,combined_metadata.csv,Homo sapiens,superior temporal gyrus,,,,,,,Unknown
GSM1443642,combined_metadata.csv,Homo sapiens,entorhinal cortex,,,,,,,Unknown
GSM1443643,combined_metadata.csv,Homo sapiens,prefrontal cortex brain,,,,,,,Unknown
GSM1443644,combined_metadata.csv,Homo sapiens,whole blood,,,,,,,Unknown
GSM1443645,combined_metadata.csv,Homo sapiens,entorhinal cortex,,,,,,,Unknown
GSM1443646,combined_metadata.csv,Homo sapiens,superior temporal gyrus,,,,,,,Unknown
GSM1443647,combined_metadata.csv,Homo sapiens,cerebellum,,,,,,,Unknown
GSM1443648,combined_metadata.csv,Homo sapiens,prefrontal cortex brain,,,,,,,Unknown
GSM1443649,combined_metadata.csv,Homo sapiens,whole blood,,,,,,,Unknown
GSM1443650,combined_metadata.csv,Homo sapiens,whole blood,,,,,,,Unknown
GSM1443651,combined_metadata.csv,Homo sapiens,entorhinal cortex,,,,,,,Unknown
GSM1443652,combined_metadata.csv,Homo sapiens,cerebellum,,,,,,,Unknown
GSM1443653,combined_metadata.csv,Homo sapiens,superior temporal gyrus,,,,,,,Unknown
GSM1443654,combined_metadata.csv,Homo sapiens,prefrontal cortex brain,,,,,,,Unknown
GSM1443655,combined_metadata.csv,Homo sapiens,superior temporal gyrus,,,,,,,Unknown
GSM1443656,combined_metadata.csv,Homo sapiens,prefrontal cortex brain,,,,,,,Unknown
GSM1443657,combined_metadata.csv,Homo sapiens,cerebellum,,,,,,,Unknown
GSM1443658,combined_metadata.csv,Homo sapiens,whole blood,,,,,,,Unknown
GSM1443659,combined_metadata.csv,Homo sapiens,entorhinal cortex,,,,,,,Unknown
GSM1443660,combined_metadata.csv,Homo sapiens,superior temporal gyrus,,,,,,,Unknown
GSM1443661,combined_metadata.csv,Homo sapiens,entorhinal cortex,,,,,,,Unknown
GSM1443662,combined_metadata.csv,Homo sapiens,whole blood,,,,,,,Unknown
GSM1443663,combined_metadata.csv,Homo sapiens,prefrontal cortex brain,,,,,,,Unknown
GSM1443664,combined_metadata.csv,Homo sapiens,cerebellum,,,,,,,Unknown
GSM1443665,combined_metadata.csv,Homo sapiens,cerebellum,,,,,,,Unknown
GSM1443666,combined_metadata.csv,Homo sapiens,superior temporal gyrus,,,,,,,Unknown
GSM1443667,combined_metadata.csv,Homo sapiens,entorhinal cortex,,,,,,,Unknown
GSM1443668,combined_metadata.csv,Homo sapiens,whole blood,,,,,,,Unknown
GSM1443669,combined_metadata.csv,Homo sapiens,prefrontal cortex brain,,,,,,,Unknown
GSM1443670,combined_metadata.csv,Homo sapiens,entorhinal cortex,,,,,,,Unknown
GSM1443671,combined_metadata.csv,Homo sapiens,prefrontal cortex brain,,,,,,,Unknown
GSM1443672,combined_metadata.csv,Homo sapiens,cerebellum,,,,,,,Unknown
GSM1443673,combined_metadata.csv,Homo sapiens,superior temporal gyrus,,,,,,,Unknown
GSM1443674,combined_metadata.csv,Homo sapiens,whole blood,,,,,,,Unknown
GSM1443675,combined_metadata.csv,Homo sapiens,whole blood,,,,,,,Unknown
GSM1443676,combined_metadata.csv,Homo sapiens,prefrontal cortex brain,,,,,,,Unknown
GSM1443677,combined_metadata.csv,Homo sapiens,entorhinal cortex,,,,,,,Unknown
GSM1443678,combined_metadata.csv,Homo sapiens,cerebellum,,,,,,,Unknown
GSM1443679,combined_metadata.csv,Homo sapiens,superior temporal gyrus,,,,,,,Unknown
GSM1443680,combined_metadata.csv,Homo sapiens,entorhinal cortex,,,,,,,Unknown
GSM1443681,combined_metadata.csv,Homo sapiens,superior temporal gyrus,,,,,,,Unknown
GSM1443682,combined_metadata.csv,Homo sapiens,cerebellum,,,,,,,Unknown
GSM1443683,combined_metadata.csv,Homo sapiens,prefrontal cortex brain,,,,,,,Unknown
GSM1443684,combined_metadata.csv,Homo sapiens,whole blood,,,,,,,Unknown
GSM1443685,combined_metadata.csv,Homo sapiens,prefrontal cortex brain,,,,,,,Unknown
GSM1443686,combined_metadata.csv,Homo sapiens,superior temporal gyrus,,,,,,,Unknown
GSM1443687,combined_metadata.csv,Homo sapiens,entorhinal cortex,,,,,,,Unknown
GSM1443688,combined_metadata.csv,Homo sapiens,cerebellum,,,,,,,Unknown
GSM1443689,combined_metadata.csv,Homo sapiens,entorhinal cortex,,,,,,,Unknown
GSM1443690,combined_metadata.csv,Homo sapiens,whole blood,,,,,,,Unknown
GSM1443691,combined_metadata.csv,Homo sapiens,prefrontal cortex brain,,,,,,,Unknown
GSM1443692,combined_metadata.csv,Homo sapiens,cerebellum,,,,,,,Unknown
GSM1443693,combined_metadata.csv,Homo sapiens,superior temporal gyrus,,,,,,,Unknown
GSM1443694,combined_metadata.csv,Homo sapiens,superior temporal gyrus,,,,,,,Unknown
GSM1443695,combined_metadata.csv,Homo sapiens,entorhinal cortex,,,,,,,Unknown
GSM1443696,combined_metadata.csv,Homo sapiens,whole blood,,,,,,,Unknown
GSM1443697,combined_metadata.csv,Homo sapiens,prefrontal cortex brain,,,,,,,Unknown
GSM1443698,combined_metadata.csv,Homo sapiens,cerebellum,,,,,,,Unknown
GSM1443699,combined_metadata.csv,Homo sapiens,whole blood,,,,,,,Unknown
GSM1443700,combined_metadata.csv,Homo sapiens,prefrontal cortex brain,,,,,,,Unknown
GSM1443701,combined_metadata.csv,Homo sapiens,cerebellum,,,,,,,Unknown
GSM1443702,combined_metadata.csv,Homo sapiens,superior temporal gyrus,,,,,,,Unknown
GSM1443703,combined_metadata.csv,Homo sapiens,entorhinal cortex,,,,,,,Unknown
GSM1443704,combined_metadata.csv,Homo sapiens,prefrontal cortex brain,,,,,,,Unknown
GSM1443705,combined_metadata.csv,Homo sapiens,superior temporal gyrus,,,,,,,Unknown
GSM1443706,combined_metadata.csv,Homo sapiens,entorhinal cortex,,,,,,,Unknown
GSM1443707,combined_metadata.csv,Homo sapiens,whole blood,,,,,,,Unknown
GSM1443708,combined_metadata.csv,Homo sapiens,cerebellum,,,,,,,Unknown
GSM1443709,combined_metadata.csv,Homo sapiens,superior temporal gyrus,,,,,,,Unknown
GSM1443710,combined_metadata.csv,Homo sapiens,cerebellum,,,,,,,Unknown
GSM1443711,combined_metadata.csv,Homo sapiens,whole blood,,,,,,,Unknown
GSM1443712,combined_metadata.csv,Homo sapiens,whole blood,,,,,,,Unknown
GSM1443713,combined_metadata.csv,Homo sapiens,cerebellum,,,,,,,Unknown
GSM1443714,combined_metadata.csv,Homo sapiens,superior temporal gyrus,,,,,,,Unknown
GSM1443715,combined_metadata.csv,Homo sapiens,entorhinal cortex,,,,,,,Unknown
GSM1443716,combined_metadata.csv,Homo sapiens,prefrontal cortex brain,,,,,,,Unknown
GSM1443717,combined_metadata.csv,Homo sapiens,entorhinal cortex,,,,,,,Unknown
GSM1443718,combined_metadata.csv,Homo sapiens,cerebellum,,,,,,,Unknown
GSM1443719,combined_metadata.csv,Homo sapiens,superior temporal gyrus,,,,,,,Unknown
GSM1443720,combined_metadata.csv,Homo sapiens,prefrontal cortex brain,,,,,,,Unknown
GSM1443721,combined_metadata.csv,Homo sapiens,whole blood,,,,,,,Unknown
GSM1443722,combined_metadata.csv,Homo sapiens,whole blood,,,,,,,Unknown
GSM1443723,combined_metadata.csv,Homo sapiens,prefrontal cortex brain,,,,,,,Unknown
GSM1443724,combined_metadata.csv,Homo sapiens,cerebellum,,,,,,,Unknown
GSM1443725,combined_metadata.csv,Homo sapiens,superior temporal gyrus,,,,,,,Unknown
GSM1443726,combined_metadata.csv,Homo sapiens,entorhinal cortex,,,,,,,Unknown
GSM1443727,combined_metadata.csv,Homo sapiens,entorhinal cortex,,,,,,,Unknown
GSM1443728,combined_metadata.csv,Homo sapiens,superior temporal gyrus,,,,,,,Unknown
GSM1443729,combined_metadata.csv,Homo sapiens,prefrontal cortex brain,,,,,,,Unknown
GSM1443730,combined_metadata.csv,Homo sapiens,cerebellum,,,,,,,Unknown
GSM1443731,combined_metadata.csv,Homo sapiens,prefrontal cortex brain,,,,,,,Unknown
GSM1443732,combined_metadata.csv,Homo sapiens,cerebellum,,,,,,,Unknown
GSM1443733,combined_metadata.csv,Homo sapiens,superior temporal gyrus,,,,,,,Unknown
GSM1443734,combined_metadata.csv,Homo sapiens,entorhinal cortex,,,,,,,Unknown
GSM1443735,combined_metadata.csv,Homo sapiens,entorhinal cortex,,,,,,,Unknown
GSM1443736,combined_metadata.csv,Homo sapiens,whole blood,,,,,,,Unknown
GSM1443737,combined_metadata.csv,Homo sapiens,cerebellum,,,,,,,Unknown
GSM1443738,combined_metadata.csv,Homo sapiens,superior temporal gyrus,,,,,,,Unknown
GSM1443739,combined_metadata.csv,Homo sapiens,prefrontal cortex brain,,,,,,,Unknown
GSM1443740,combined_metadata.csv,Homo sapiens,whole blood,,,,,,,Unknown
GSM1443741,combined_metadata.csv,Homo sapiens,prefrontal cortex brain,,,,,,,Unknown
GSM1443742,combined_metadata.csv,Homo sapiens,superior temporal gyrus,,,,,,,Unknown
GSM1443743,combined_metadata.csv,Homo sapiens,cerebellum,,,,,,,Unknown
GSM1443744,combined_metadata.csv,Homo sapiens,cerebellum,,,,,,,Unknown
GSM1443745,combined_metadata.csv,Homo sapiens,prefrontal cortex brain,,,,,,,Unknown
GSM1443746,combined_metadata.csv,Homo sapiens,entorhinal cortex,,,,,,,Unknown
GSM1443747,combined_metadata.csv,Homo sapiens,superior temporal gyrus,,,,,,,Unknown
GSM1443748,combined_metadata.csv,Homo sapiens,entorhinal cortex,,,,,,,Unknown
GSM1443749,combined_metadata.csv,Homo sapiens,superior temporal gyrus,,,,,,,Unknown
GSM1443750,combined_metadata.csv,Homo sapiens,cerebellum,,,,,,,Unknown
GSM1443751,combined_metadata.csv,Homo sapiens,prefrontal cortex brain,,,,,,,Unknown
GSM1443752,combined_metadata.csv,Homo sapiens,entorhinal cortex,,,,,,,Unknown
GSM1443753,combined_metadata.csv,Homo sapiens,superior temporal gyrus,,,,,,,Unknown
GSM1443754,combined_metadata.csv,Homo sapiens,cerebellum,,,,,,,Unknown
GSM1443755,combined_metadata.csv,Homo sapiens,prefrontal cortex brain,,,,,,,Unknown
GSM1443756,combined_metadata.csv,Homo sapiens,prefrontal cortex brain,,,,,,,Unknown
GSM1443757,combined_metadata.csv,Homo sapiens,superior temporal gyrus,,,,,,,Unknown
GSM1443758,combined_metadata.csv,Homo sapiens,entorhinal cortex,,,,,,,Unknown
GSM1443759,combined_metadata.csv,Homo sapiens,cerebellum,,,,,,,Unknown
GSM1443760,combined_metadata.csv,Homo sapiens,entorhinal cortex,,,,,,,Unknown
GSM1443761,combined_metadata.csv,Homo sapiens,prefrontal cortex brain,,,,,,,Unknown
GSM1443762,combined_metadata.csv,Homo sapiens,cerebellum,,,,,,,Unknown
GSM1443763,combined_metadata.csv,Homo sapiens,superior temporal gyrus,,,,,,,Unknown
GSM1443764,combined_metadata.csv,Homo sapiens,cerebellum,,,,,,,Unknown
GSM1443765,combined_metadata.csv,Homo sapiens,prefrontal cortex brain,,,,,,,Unknown
GSM1443766,combined_metadata.csv,Homo sapiens,entorhinal cortex,,,,,,,Unknown
GSM1443767,combined_metadata.csv,Homo sapiens,superior temporal gyrus,,,,,,,Unknown
GSM1443768,combined_metadata.csv,Homo sapiens,prefrontal cortex brain,,,,,,,Unknown
GSM1443769,combined_metadata.csv,Homo sapiens,superior temporal gyrus,,,,,,,Unknown
GSM1443770,combined_metadata.csv,Homo sapiens,entorhinal cortex,,,,,,,Unknown
GSM1443771,combined_metadata.csv,Homo sapiens,cerebellum,,,,,,,Unknown
GSM1443772,combined_metadata.csv,Homo sapiens,superior temporal gyrus,,,,,,,Unknown
GSM1443773,combined_metadata.csv,Homo sapiens,prefrontal cortex brain,,,,,,,Unknown
GSM1443774,combined_metadata.csv,Homo sapiens,cerebellum,,,,,,,Unknown
GSM1443775,combined_metadata.csv,Homo sapiens,entorhinal cortex,,,,,,,Unknown
GSM1443776,combined_metadata.csv,Homo sapiens,prefrontal cortex brain,,,,,,,Unknown
GSM1443777,combined_metadata.csv,Homo sapiens,entorhinal cortex,,,,,,,Unknown
GSM1443778,combined_metadata.csv,Homo sapiens,superior temporal gyrus,,,,,,,Unknown
GSM1443779,combined_metadata.csv,Homo sapiens,cerebellum,,,,,,,Unknown
GSM1443780,combined_metadata.csv,Homo sapiens,entorhinal cortex,,,,,,,Unknown
GSM1443781,combined_metadata.csv,Homo sapiens,prefrontal cortex brain,,,,,,,Unknown
GSM1443782,combined_metadata.csv,Homo sapiens,cerebellum,,,,,,,Unknown
GSM1443783,combined_metadata.csv,Homo sapiens,superior temporal gyrus,,,,,,,Unknown
GSM1443784,combined_metadata.csv,Homo sapiens,superior temporal gyrus,,,,,,,Unknown
GSM1443785,combined_metadata.csv,Homo sapiens,entorhinal cortex,,,,,,,Unknown
GSM1443786,combined_metadata.csv,Homo sapiens,cerebellum,,,,,,,Unknown
GSM1443787,combined_metadata.csv,Homo sapiens,prefrontal cortex brain,,,,,,,Unknown
GSM1443788,combined_metadata.csv,Homo sapiens,prefrontal cortex brain,,,,,,,Unknown
GSM1443789,combined_metadata.csv,Homo sapiens,entorhinal cortex,,,,,,,Unknown
GSM1443790,combined_metadata.csv,Homo sapiens,cerebellum,,,,,,,Unknown
GSM1443791,combined_metadata.csv,Homo sapiens,superior temporal gyrus,,,,,,,Unknown
GSM1443792,combined_metadata.csv,Homo sapiens,prefrontal cortex brain,,,,,,,Unknown
GSM1443793,combined_metadata.csv,Homo sapiens,entorhinal cortex,,,,,,,Unknown
GSM1443794,combined_metadata.csv,Homo sapiens,superior temporal gyrus,,,,,,,Unknown
GSM1443795,combined_metadata.csv,Homo sapiens,cerebellum,,,,,,,Unknown
GSM1443796,combined_metadata.csv,Homo sapiens,whole blood,,,,,,,Unknown
GSM1443797,combined_metadata.csv,Homo sapiens,whole blood,,,,,,,Unknown
GSM1443798,combined_metadata.csv,Homo sapiens,whole blood,,,,,,,Unknown
GSM1443799,combined_metadata.csv,Homo sapiens,whole blood,,,,,,,Unknown
GSM1443800,combined_metadata.csv,Homo sapiens,whole blood,,,,,,,Unknown
GSM3692184,combined_metadata.csv,Homo sapiens,prefrontal cortex brain,AD,,,,,,Unknown
GSM3692185,combined_metadata.csv,Homo sapiens,prefrontal cortex brain,AD,,,,,,Unknown
GSM3692186,combined_metadata.csv,Homo sapiens,prefrontal cortex brain,AD,,,,,,Unknown
GSM3692187,combined_metadata.csv,Homo sapiens,prefrontal cortex brain,AD,,,,,,Unknown
GSM3692188,combined_metadata.csv,Homo sapiens,prefrontal cortex brain,AD,,,,,,Unknown
GSM3692189,combined_metadata.csv,Homo sapiens,prefrontal cortex brain,AD,,,,,,Unknown
GSM3692190,combined_metadata.csv,Homo sapiens,prefrontal cortex brain,normal,,,,,,Unknown
GSM3692191,combined_metadata.csv,Homo sapiens,prefrontal cortex brain,normal,,,,,,Unknown
GSM3692192,combined_metadata.csv,Homo sapiens,prefrontal cortex brain,normal,,,,,,Unknown
GSM3692193,combined_metadata.csv,Homo sapiens,prefrontal cortex brain,normal,,,,,,Unknown
GSM3692194,combined_metadata.csv,Homo sapiens,prefrontal cortex brain,normal,,,,,,Unknown
GSM3692195,combined_metadata.csv,Homo sapiens,prefrontal cortex brain,normal,,,,,,Unknown
GSM1423780,combined_metadata.csv,Homo sapiens,prefrontal cortex brain,,,,,,,Unknown
GSM1423781,combined_metadata.csv,Homo sapiens,prefrontal cortex brain,,,,,,,Unknown
GSM1423782,combined_metadata.csv,Homo sapiens,prefrontal cortex brain,,,,,,,Unknown
GSM1423783,combined_metadata.csv,Homo sapiens,prefrontal cortex brain,,,,,,,Unknown
GSM1423784,combined_metadata.csv,Homo sapiens,prefrontal cortex brain,,,,,,,Unknown
GSM1423785,combined_metadata.csv,Homo sapiens,prefrontal cortex brain,,,,,,,Unknown
GSM1423786,combined_metadata.csv,Homo sapiens,prefrontal cortex brain,,,,,,,Unknown
GSM1423787,combined_metadata.csv,Homo sapiens,prefrontal cortex brain,,,,,,,Unknown
GSM1423788,combined_metadata.csv,Homo sapiens,prefrontal cortex brain,,,,,,,Unknown
GSM1423789,combined_metadata.csv,Homo sapiens,prefrontal cortex brain,,,,,,,Unknown
GSM1423790,combined_metadata.csv,Homo sapiens,prefrontal cortex brain,,,,,,,Unknown
GSM1423791,combined_metadata.csv,Homo sapiens,prefrontal cortex brain,,,,,,,Unknown
GSM1423792,combined_metadata.csv,Homo sapiens,prefrontal cortex brain,,,,,,,Unknown
GSM1423793,combined_metadata.csv,Homo sapiens,prefrontal cortex brain,,,,,,,Unknown
GSM1423794,combined_metadata.csv,Homo sapiens,prefrontal cortex brain,,,,,,,Unknown
GSM1423795,combined_metadata.csv,Homo sapiens,prefrontal cortex brain,,,,,,,Unknown
GSM1423796,combined_metadata.csv,Homo sapiens,prefrontal cortex brain,,,,,,,Unknown
GSM1423797,combined_metadata.csv,Homo sapiens,prefrontal cortex brain,,,,,,,Unknown
GSM1423798,combined_metadata.csv,Homo sapiens,prefrontal cortex brain,,,,,,,Unknown
GSM1423799,combined_metadata.csv,Homo sapiens,prefrontal cortex brain,,,,,,,Unknown
GSM1423800,combined_metadata.csv,Homo sapiens,prefrontal cortex brain,,,,,,,Unknown
GSM1423801,combined_metadata.csv,Homo sapiens,prefrontal cortex brain,,,,,,,Unknown
GSM1423802,combined_metadata.csv,Homo sapiens,prefrontal cortex brain,,,,,,,Unknown
GSM1423803,combined_metadata.csv,Homo sapiens,prefrontal cortex brain,,,,,,,Unknown
GSM1423804,combined_metadata.csv,Homo sapiens,prefrontal cortex brain,,,,,,,Unknown
GSM1423805,combined_metadata.csv,Homo sapiens,prefrontal cortex brain,,,,,,,Unknown
GSM1423806,combined_metadata.csv,Homo sapiens,prefrontal cortex brain,,,,,,,Unknown
GSM1423807,combined_metadata.csv,Homo sapiens,prefrontal cortex brain,,,,,,,Unknown
GSM1423808,combined_metadata.csv,Homo sapiens,prefrontal cortex brain,,,,,,,Unknown
GSM1423809,combined_metadata.csv,Homo sapiens,prefrontal cortex brain,,,,,,,Unknown
GSM1423810,combined_metadata.csv,Homo sapiens,prefrontal cortex brain,,,,,,,Unknown
GSM1423811,combined_metadata.csv,Homo sapiens,prefrontal cortex brain,,,,,,,Unknown
GSM1423812,combined_metadata.csv,Homo sapiens,prefrontal cortex brain,,,,,,,Unknown
GSM1423813,combined_metadata.csv,Homo sapiens,prefrontal cortex brain,,,,,,,Unknown
GSM1423814,combined_metadata.csv,Homo sapiens,prefrontal cortex brain,,,,,,,Unknown
GSM1423815,combined_metadata.csv,Homo sapiens,prefrontal cortex brain,,,,,,,Unknown
GSM1423816,combined_metadata.csv,Homo sapiens,prefrontal cortex brain,,,,,,,Unknown
GSM1423817,combined_metadata.csv,Homo sapiens,prefrontal cortex brain,,,,,,,Unknown
GSM1423818,combined_metadata.csv,Homo sapiens,prefrontal cortex brain,,,,,,,Unknown
GSM1423819,combined_metadata.csv,Homo sapiens,prefrontal cortex brain,,,,,,,Unknown
GSM1423820,combined_metadata.csv,Homo sapiens,prefrontal cortex brain,,,,,,,Unknown
GSM1423821,combined_metadata.csv,Homo sapiens,prefrontal cortex brain,,,,,,,Unknown
GSM1423822,combined_metadata.csv,Homo sapiens,prefrontal cortex brain,,,,,,,Unknown
GSM1423823,combined_metadata.csv,Homo sapiens,prefrontal cortex brain,,,,,,,Unknown
GSM1423824,combined_metadata.csv,Homo sapiens,prefrontal cortex brain,,,,,,,Unknown
GSM1423825,combined_metadata.csv,Homo sapiens,prefrontal cortex brain,,,,,,,Unknown
GSM1423826,combined_metadata.csv,Homo sapiens,prefrontal cortex brain,,,,,,,Unknown
GSM1423827,combined_metadata.csv,Homo sapiens,prefrontal cortex brain,,,,,,,Unknown
GSM1423828,combined_metadata.csv,Homo sapiens,prefrontal cortex brain,,,,,,,Unknown
GSM1423829,combined_metadata.csv,Homo sapiens,prefrontal cortex brain,,,,,,,Unknown
GSM1423830,combined_metadata.csv,Homo sapiens,prefrontal cortex brain,,,,,,,Unknown
GSM1423831,combined_metadata.csv,Homo sapiens,prefrontal cortex brain,,,,,,,Unknown
GSM1423832,combined_metadata.csv,Homo sapiens,prefrontal cortex brain,,,,,,,Unknown
GSM1423833,combined_metadata.csv,Homo sapiens,prefrontal cortex brain,,,,,,,Unknown
GSM1423834,combined_metadata.csv,Homo sapiens,prefrontal cortex brain,,,,,,,Unknown
GSM1423835,combined_metadata.csv,Homo sapiens,prefrontal cortex brain,,,,,,,Unknown
GSM1423836,combined_metadata.csv,Homo sapiens,prefrontal cortex brain,,,,,,,Unknown
GSM1423837,combined_metadata.csv,Homo sapiens,prefrontal cortex brain,,,,,,,Unknown
GSM1423838,combined_metadata.csv,Homo sapiens,prefrontal cortex brain,,,,,,,Unknown
GSM1423839,combined_metadata.csv,Homo sapiens,prefrontal cortex brain,,,,,,,Unknown
GSM1423840,combined_metadata.csv,Homo sapiens,prefrontal cortex brain,,,,,,,Unknown
GSM1423841,combined_metadata.csv,Homo sapiens,prefrontal cortex brain,,,,,,,Unknown
GSM1423842,combined_metadata.csv,Homo sapiens,prefrontal cortex brain,,,,,,,Unknown
GSM1423843,combined_metadata.csv,Homo sapiens,prefrontal cortex brain,,,,,,,Unknown
GSM1423844,combined_metadata.csv,Homo sapiens,prefrontal cortex brain,,,,,,,Unknown
GSM1423845,combined_metadata.csv,Homo sapiens,prefrontal cortex brain,,,,,,,Unknown
GSM1423846,combined_metadata.csv,Homo sapiens,prefrontal cortex brain,,,,,,,Unknown
GSM1423847,combined_metadata.csv,Homo sapiens,prefrontal cortex brain,,,,,,,Unknown
GSM1423848,combined_metadata.csv,Homo sapiens,prefrontal cortex brain,,,,,,,Unknown
GSM1423849,combined_metadata.csv,Homo sapiens,prefrontal cortex brain,,,,,,,Unknown
GSM1423850,combined_metadata.csv,Homo sapiens,prefrontal cortex brain,,,,,,,Unknown
GSM1423851,combined_metadata.csv,Homo sapiens,prefrontal cortex brain,,,,,,,Unknown
GSM1423852,combined_metadata.csv,Homo sapiens,prefrontal cortex brain,,,,,,,Unknown
GSM1423853,combined_metadata.csv,Homo sapiens,prefrontal cortex brain,,,,,,,Unknown
GSM1423854,combined_metadata.csv,Homo sapiens,prefrontal cortex brain,,,,,,,Unknown
GSM1423855,combined_metadata.csv,Homo sapiens,prefrontal cortex brain,,,,,,,Unknown
GSM1423856,combined_metadata.csv,Homo sapiens,prefrontal cortex brain,,,,,,,Unknown
GSM1423857,combined_metadata.csv,Homo sapiens,prefrontal cortex brain,,,,,,,Unknown
GSM1423858,combined_metadata.csv,Homo sapiens,prefrontal cortex brain,,,,,,,Unknown
GSM1423859,combined_metadata.csv,Homo sapiens,prefrontal cortex brain,,,,,,,Unknown
GSM1423860,combined_metadata.csv,Homo sapiens,prefrontal cortex brain,,,,,,,Unknown
GSM1423861,combined_metadata.csv,Homo sapiens,prefrontal cortex brain,,,,,,,Unknown
GSM1423862,combined_metadata.csv,Homo sapiens,prefrontal cortex brain,,,,,,,Unknown
GSM1423863,combined_metadata.csv,Homo sapiens,prefrontal cortex brain,,,,,,,Unknown
GSM1423864,combined_metadata.csv,Homo sapiens,prefrontal cortex brain,,,,,,,Unknown
GSM1423865,combined_metadata.csv,Homo sapiens,prefrontal cortex brain,,,,,,,Unknown
GSM1423866,combined_metadata.csv,Homo sapiens,prefrontal cortex brain,,,,,,,Unknown
GSM1423867,combined_metadata.csv,Homo sapiens,prefrontal cortex brain,,,,,,,Unknown
GSM1423868,combined_metadata.csv,Homo sapiens,prefrontal cortex brain,,,,,,,Unknown
GSM1423869,combined_metadata.csv,Homo sapiens,prefrontal cortex brain,,,,,,,Unknown
GSM1423870,combined_metadata.csv,Homo sapiens,prefrontal cortex brain,,,,,,,Unknown
GSM1423871,combined_metadata.csv,Homo sapiens,prefrontal cortex brain,,,,,,,Unknown
GSM1423872,combined_metadata.csv,Homo sapiens,prefrontal cortex brain,,,,,,,Unknown
GSM1423873,combined_metadata.csv,Homo sapiens,prefrontal cortex brain,,,,,,,Unknown
GSM1423874,combined_metadata.csv,Homo sapiens,prefrontal cortex brain,,,,,,,Unknown
GSM1423875,combined_metadata.csv,Homo sapiens,prefrontal cortex brain,,,,,,,Unknown
GSM1423876,combined_metadata.csv,Homo sapiens,prefrontal cortex brain,,,,,,,Unknown
GSM1423877,combined_metadata.csv,Homo sapiens,prefrontal cortex brain,,,,,,,Unknown
GSM1423878,combined_metadata.csv,Homo sapiens,prefrontal cortex brain,,,,,,,Unknown
GSM1423879,combined_metadata.csv,Homo sapiens,prefrontal cortex brain,,,,,,,Unknown
GSM1423880,combined_metadata.csv,Homo sapiens,prefrontal cortex brain,,,,,,,Unknown
GSM1423881,combined_metadata.csv,Homo sapiens,prefrontal cortex brain,,,,,,,Unknown
GSM1423882,combined_metadata.csv,Homo sapiens,prefrontal cortex brain,,,,,,,Unknown
GSM1423883,combined_metadata.csv,Homo sapiens,prefrontal cortex brain,,,,,,,Unknown
GSM1423884,combined_metadata.csv,Homo sapiens,prefrontal cortex brain,,,,,,,Unknown
GSM1423885,combined_metadata.csv,Homo sapiens,prefrontal cortex brain,,,,,,,Unknown
GSM1423886,combined_metadata.csv,Homo sapiens,prefrontal cortex brain,,,,,,,Unknown
GSM1423887,combined_metadata.csv,Homo sapiens,prefrontal cortex brain,,,,,,,Unknown
GSM1423888,combined_metadata.csv,Homo sapiens,prefrontal cortex brain,,,,,,,Unknown
GSM1423889,combined_metadata.csv,Homo sapiens,prefrontal cortex brain,,,,,,,Unknown
GSM1423890,combined_metadata.csv,Homo sapiens,prefrontal cortex brain,,,,,,,Unknown
GSM1423891,combined_metadata.csv,Homo sapiens,prefrontal cortex brain,,,,,,,Unknown
GSM1423892,combined_metadata.csv,Homo sapiens,prefrontal cortex brain,,,,,,,Unknown
GSM1423893,combined_metadata.csv,Homo sapiens,prefrontal cortex brain,,,,,,,Unknown
GSM1423894,combined_metadata.csv,Homo sapiens,prefrontal cortex brain,,,,,,,Unknown
GSM1423895,combined_metadata.csv,Homo sapiens,prefrontal cortex brain,,,,,,,Unknown
GSM1423896,combined_metadata.csv,Homo sapiens,prefrontal cortex brain,,,,,,,Unknown
GSM1423897,combined_metadata.csv,Homo sapiens,prefrontal cortex brain,,,,,,,Unknown
GSM1423898,combined_metadata.csv,Homo sapiens,prefrontal cortex brain,,,,,,,Unknown
GSM1423899,combined_metadata.csv,Homo sapiens,prefrontal cortex brain,,,,,,,Unknown
GSM1423900,combined_metadata.csv,Homo sapiens,prefrontal cortex brain,,,,,,,Unknown
GSM1423901,combined_metadata.csv,Homo sapiens,prefrontal cortex brain,,,,,,,Unknown
GSM1423902,combined_metadata.csv,Homo sapiens,prefrontal cortex brain,,,,,,,Unknown
GSM1423903,combined_metadata.csv,Homo sapiens,prefrontal cortex brain,,,,,,,Unknown
GSM1423904,combined_metadata.csv,Homo sapiens,prefrontal cortex brain,,,,,,,Unknown
GSM1423905,combined_metadata.csv,Homo sapiens,prefrontal cortex brain,,,,,,,Unknown
GSM1423906,combined_metadata.csv,Homo sapiens,prefrontal cortex brain,,,,,,,Unknown
GSM1423907,combined_metadata.csv,Homo sapiens,prefrontal cortex brain,,,,,,,Unknown
GSM1423908,combined_metadata.csv,Homo sapiens,prefrontal cortex brain,,,,,,,Unknown
GSM1423909,combined_metadata.csv,Homo sapiens,prefrontal cortex brain,,,,,,,Unknown
GSM1423910,combined_metadata.csv,Homo sapiens,prefrontal cortex brain,,,,,,,Unknown
GSM1423911,combined_metadata.csv,Homo sapiens,prefrontal cortex brain,,,,,,,Unknown
GSM1423912,combined_metadata.csv,Homo sapiens,prefrontal cortex brain,,,,,,,Unknown
GSM1423913,combined_metadata.csv,Homo sapiens,prefrontal cortex brain,,,,,,,Unknown
GSM1423914,combined_metadata.csv,Homo sapiens,prefrontal cortex brain,,,,,,,Unknown
GSM1423915,combined_metadata.csv,Homo sapiens,prefrontal cortex brain,,,,,,,Unknown
GSM1423916,combined_metadata.csv,Homo sapiens,prefrontal cortex brain,,,,,,,Unknown
GSM1423917,combined_metadata.csv,Homo sapiens,prefrontal cortex brain,,,,,,,Unknown
GSM1423918,combined_metadata.csv,Homo sapiens,prefrontal cortex brain,,,,,,,Unknown
GSM1423919,combined_metadata.csv,Homo sapiens,prefrontal cortex brain,,,,,,,Unknown
GSM1423920,combined_metadata.csv,Homo sapiens,prefrontal cortex brain,,,,,,,Unknown
GSM1423921,combined_metadata.csv,Homo sapiens,prefrontal cortex brain,,,,,,,Unknown
GSM1423922,combined_metadata.csv,Homo sapiens,prefrontal cortex brain,,,,,,,Unknown
GSM1423923,combined_metadata.csv,Homo sapiens,prefrontal cortex brain,,,,,,,Unknown
GSM1423924,combined_metadata.csv,Homo sapiens,prefrontal cortex brain,,,,,,,Unknown
GSM1423925,combined_metadata.csv,Homo sapiens,prefrontal cortex brain,,,,,,,Unknown
GSM1423926,combined_metadata.csv,Homo sapiens,prefrontal cortex brain,,,,,,,Unknown
GSM1423927,combined_metadata.csv,Homo sapiens,prefrontal cortex brain,,,,,,,Unknown
GSM1423928,combined_metadata.csv,Homo sapiens,prefrontal cortex brain,,,,,,,Unknown
GSM1423929,combined_metadata.csv,Homo sapiens,prefrontal cortex brain,,,,,,,Unknown
GSM1423930,combined_metadata.csv,Homo sapiens,prefrontal cortex brain,,,,,,,Unknown
GSM1423931,combined_metadata.csv,Homo sapiens,prefrontal cortex brain,,,,,,,Unknown
GSM1423932,combined_metadata.csv,Homo sapiens,prefrontal cortex brain,,,,,,,Unknown
GSM1423933,combined_metadata.csv,Homo sapiens,prefrontal cortex brain,,,,,,,Unknown
GSM1423934,combined_metadata.csv,Homo sapiens,prefrontal cortex brain,,,,,,,Unknown
GSM1423935,combined_metadata.csv,Homo sapiens,prefrontal cortex brain,,,,,,,Unknown
GSM1423936,combined_metadata.csv,Homo sapiens,prefrontal cortex brain,,,,,,,Unknown
GSM1423937,combined_metadata.csv,Homo sapiens,prefrontal cortex brain,,,,,,,Unknown
GSM1423938,combined_metadata.csv,Homo sapiens,prefrontal cortex brain,,,,,,,Unknown
GSM1423939,combined_metadata.csv,Homo sapiens,prefrontal cortex brain,,,,,,,Unknown
GSM1423940,combined_metadata.csv,Homo sapiens,prefrontal cortex brain,,,,,,,Unknown
GSM1423941,combined_metadata.csv,Homo sapiens,prefrontal cortex brain,,,,,,,Unknown
GSM1423942,combined_metadata.csv,Homo sapiens,prefrontal cortex brain,,,,,,,Unknown
GSM1423943,combined_metadata.csv,Homo sapiens,prefrontal cortex brain,,,,,,,Unknown
GSM1423944,combined_metadata.csv,Homo sapiens,prefrontal cortex brain,,,,,,,Unknown
GSM1423945,combined_metadata.csv,Homo sapiens,prefrontal cortex brain,,,,,,,Unknown
GSM1423946,combined_metadata.csv,Homo sapiens,prefrontal cortex brain,,,,,,,Unknown
GSM1423947,combined_metadata.csv,Homo sapiens,prefrontal cortex brain,,,,,,,Unknown
GSM1423948,combined_metadata.csv,Homo sapiens,prefrontal cortex brain,,,,,,,Unknown
GSM1423949,combined_metadata.csv,Homo sapiens,prefrontal cortex brain,,,,,,,Unknown
GSM1423950,combined_metadata.csv,Homo sapiens,prefrontal cortex brain,,,,,,,Unknown
GSM1423951,combined_metadata.csv,Homo sapiens,prefrontal cortex brain,,,,,,,Unknown
GSM1423952,combined_metadata.csv,Homo sapiens,prefrontal cortex brain,,,,,,,Unknown
GSM1423953,combined_metadata.csv,Homo sapiens,prefrontal cortex brain,,,,,,,Unknown
GSM1423954,combined_metadata.csv,Homo sapiens,prefrontal cortex brain,,,,,,,Unknown
GSM1423955,combined_metadata.csv,Homo sapiens,prefrontal cortex brain,,,,,,,Unknown
GSM1423956,combined_metadata.csv,Homo sapiens,prefrontal cortex brain,,,,,,,Unknown
GSM1423957,combined_metadata.csv,Homo sapiens,prefrontal cortex brain,,,,,,,Unknown
GSM1423958,combined_metadata.csv,Homo sapiens,prefrontal cortex brain,,,,,,,Unknown
GSM1423959,combined_metadata.csv,Homo sapiens,prefrontal cortex brain,,,,,,,Unknown
GSM1423960,combined_metadata.csv,Homo sapiens,prefrontal cortex brain,,,,,,,Unknown
GSM1423961,combined_metadata.csv,Homo sapiens,prefrontal cortex brain,,,,,,,Unknown
GSM1423962,combined_metadata.csv,Homo sapiens,prefrontal cortex brain,,,,,,,Unknown
GSM1423963,combined_metadata.csv,Homo sapiens,prefrontal cortex brain,,,,,,,Unknown
GSM1423964,combined_metadata.csv,Homo sapiens,prefrontal cortex brain,,,,,,,Unknown
GSM1423965,combined_metadata.csv,Homo sapiens,prefrontal cortex brain,,,,,,,Unknown
GSM1423966,combined_metadata.csv,Homo sapiens,prefrontal cortex brain,,,,,,,Unknown
GSM1423967,combined_metadata.csv,Homo sapiens,prefrontal cortex brain,,,,,,,Unknown
GSM1423968,combined_metadata.csv,Homo sapiens,prefrontal cortex brain,,,,,,,Unknown
GSM1423969,combined_metadata.csv,Homo sapiens,prefrontal cortex brain,,,,,,,Unknown
GSM1423970,combined_metadata.csv,Homo sapiens,prefrontal cortex brain,,,,,,,Unknown
GSM1423971,combined_metadata.csv,Homo sapiens,prefrontal cortex brain,,,,,,,Unknown
GSM1423972,combined_metadata.csv,Homo sapiens,prefrontal cortex brain,,,,,,,Unknown
GSM1423973,combined_metadata.csv,Homo sapiens,prefrontal cortex brain,,,,,,,Unknown
GSM1423974,combined_metadata.csv,Homo sapiens,prefrontal cortex brain,,,,,,,Unknown
GSM1423975,combined_metadata.csv,Homo sapiens,prefrontal cortex brain,,,,,,,Unknown
GSM1423976,combined_metadata.csv,Homo sapiens,prefrontal cortex brain,,,,,,,Unknown
GSM1423977,combined_metadata.csv,Homo sapiens,prefrontal cortex brain,,,,,,,Unknown
GSM1423978,combined_metadata.csv,Homo sapiens,prefrontal cortex brain,,,,,,,Unknown
GSM1423979,combined_metadata.csv,Homo sapiens,prefrontal cortex brain,,,,,,,Unknown
GSM1423980,combined_metadata.csv,Homo sapiens,prefrontal cortex brain,,,,,,,Unknown
GSM1423981,combined_metadata.csv,Homo sapiens,prefrontal cortex brain,,,,,,,Unknown
GSM1423982,combined_metadata.csv,Homo sapiens,prefrontal cortex brain,,,,,,,Unknown
GSM1423983,combined_metadata.csv,Homo sapiens,prefrontal cortex brain,,,,,,,Unknown
GSM1423984,combined_metadata.csv,Homo sapiens,prefrontal cortex brain,,,,,,,Unknown
GSM1423985,combined_metadata.csv,Homo sapiens,prefrontal cortex brain,,,,,,,Unknown
GSM1423986,combined_metadata.csv,Homo sapiens,prefrontal cortex brain,,,,,,,Unknown
GSM1423987,combined_metadata.csv,Homo sapiens,prefrontal cortex brain,,,,,,,Unknown
GSM1423988,combined_metadata.csv,Homo sapiens,prefrontal cortex brain,,,,,,,Unknown
GSM1423989,combined_metadata.csv,Homo sapiens,prefrontal cortex brain,,,,,,,Unknown
GSM1423990,combined_metadata.csv,Homo sapiens,prefrontal cortex brain,,,,,,,Unknown
GSM1423991,combined_metadata.csv,Homo sapiens,prefrontal cortex brain,,,,,,,Unknown
GSM1423992,combined_metadata.csv,Homo sapiens,prefrontal cortex brain,,,,,,,Unknown
GSM1423993,combined_metadata.csv,Homo sapiens,prefrontal cortex brain,,,,,,,Unknown
GSM1423994,combined_metadata.csv,Homo sapiens,prefrontal cortex brain,,,,,,,Unknown
GSM1423995,combined_metadata.csv,Homo sapiens,prefrontal cortex brain,,,,,,,Unknown
GSM1423996,combined_metadata.csv,Homo sapiens,prefrontal cortex brain,,,,,,,Unknown
GSM1423997,combined_metadata.csv,Homo sapiens,prefrontal cortex brain,,,,,,,Unknown
GSM1423998,combined_metadata.csv,Homo sapiens,prefrontal cortex brain,,,,,,,Unknown
GSM1423999,combined_metadata.csv,Homo sapiens,prefrontal cortex brain,,,,,,,Unknown
GSM1424000,combined_metadata.csv,Homo sapiens,prefrontal cortex brain,,,,,,,Unknown
GSM1424001,combined_metadata.csv,Homo sapiens,prefrontal cortex brain,,,,,,,Unknown
GSM1424002,combined_metadata.csv,Homo sapiens,prefrontal cortex brain,,,,,,,Unknown
GSM1424003,combined_metadata.csv,Homo sapiens,prefrontal cortex brain,,,,,,,Unknown
GSM1424004,combined_metadata.csv,Homo sapiens,prefrontal cortex brain,,,,,,,Unknown
GSM1424005,combined_metadata.csv,Homo sapiens,prefrontal cortex brain,,,,,,,Unknown
GSM1424006,combined_metadata.csv,Homo sapiens,prefrontal cortex brain,,,,,,,Unknown
GSM1424007,combined_metadata.csv,Homo sapiens,prefrontal cortex brain,,,,,,,Unknown
GSM1424008,combined_metadata.csv,Homo sapiens,prefrontal cortex brain,,,,,,,Unknown
GSM1424009,combined_metadata.csv,Homo sapiens,prefrontal cortex brain,,,,,,,Unknown
GSM1424010,combined_metadata.csv,Homo sapiens,prefrontal cortex brain,,,,,,,Unknown
GSM1424011,combined_metadata.csv,Homo sapiens,prefrontal cortex brain,,,,,,,Unknown
GSM1424012,combined_metadata.csv,Homo sapiens,prefrontal cortex brain,,,,,,,Unknown
GSM1424013,combined_metadata.csv,Homo sapiens,prefrontal cortex brain,,,,,,,Unknown
GSM1424014,combined_metadata.csv,Homo sapiens,prefrontal cortex brain,,,,,,,Unknown
GSM1424015,combined_metadata.csv,Homo sapiens,prefrontal cortex brain,,,,,,,Unknown
GSM1424016,combined_metadata.csv,Homo sapiens,prefrontal cortex brain,,,,,,,Unknown
GSM1424017,combined_metadata.csv,Homo sapiens,prefrontal cortex brain,,,,,,,Unknown
GSM1424018,combined_metadata.csv,Homo sapiens,prefrontal cortex brain,,,,,,,Unknown
GSM1424019,combined_metadata.csv,Homo sapiens,prefrontal cortex brain,,,,,,,Unknown
GSM1424020,combined_metadata.csv,Homo sapiens,prefrontal cortex brain,,,,,,,Unknown
GSM1424021,combined_metadata.csv,Homo sapiens,prefrontal cortex brain,,,,,,,Unknown
GSM1424022,combined_metadata.csv,Homo sapiens,prefrontal cortex brain,,,,,,,Unknown
GSM1424023,combined_metadata.csv,Homo sapiens,prefrontal cortex brain,,,,,,,Unknown
GSM1424024,combined_metadata.csv,Homo sapiens,prefrontal cortex brain,,,,,,,Unknown
GSM1424025,combined_metadata.csv,Homo sapiens,prefrontal cortex brain,,,,,,,Unknown
GSM1424026,combined_metadata.csv,Homo sapiens,prefrontal cortex brain,,,,,,,Unknown
GSM1424027,combined_metadata.csv,Homo sapiens,prefrontal cortex brain,,,,,,,Unknown
GSM1424028,combined_metadata.csv,Homo sapiens,prefrontal cortex brain,,,,,,,Unknown
GSM1424029,combined_metadata.csv,Homo sapiens,prefrontal cortex brain,,,,,,,Unknown
GSM1424030,combined_metadata.csv,Homo sapiens,prefrontal cortex brain,,,,,,,Unknown
GSM1424031,combined_metadata.csv,Homo sapiens,prefrontal cortex brain,,,,,,,Unknown
GSM1424032,combined_metadata.csv,Homo sapiens,prefrontal cortex brain,,,,,,,Unknown
GSM1424033,combined_metadata.csv,Homo sapiens,prefrontal cortex brain,,,,,,,Unknown
GSM1424034,combined_metadata.csv,Homo sapiens,prefrontal cortex brain,,,,,,,Unknown
GSM1424035,combined_metadata.csv,Homo sapiens,prefrontal cortex brain,,,,,,,Unknown
GSM1424036,combined_metadata.csv,Homo sapiens,prefrontal cortex brain,,,,,,,Unknown
GSM1424037,combined_metadata.csv,Homo sapiens,prefrontal cortex brain,,,,,,,Unknown
GSM1424038,combined_metadata.csv,Homo sapiens,prefrontal cortex brain,,,,,,,Unknown
GSM1424039,combined_metadata.csv,Homo sapiens,prefrontal cortex brain,,,,,,,Unknown
GSM1424040,combined_metadata.csv,Homo sapiens,prefrontal cortex brain,,,,,,,Unknown
GSM1424041,combined_metadata.csv,Homo sapiens,prefrontal cortex brain,,,,,,,Unknown
GSM1424042,combined_metadata.csv,Homo sapiens,prefrontal cortex brain,,,,,,,Unknown
GSM1424043,combined_metadata.csv,Homo sapiens,prefrontal cortex brain,,,,,,,Unknown
GSM1424044,combined_metadata.csv,Homo sapiens,prefrontal cortex brain,,,,,,,Unknown
GSM1424045,combined_metadata.csv,Homo sapiens,prefrontal cortex brain,,,,,,,Unknown
GSM1424046,combined_metadata.csv,Homo sapiens,prefrontal cortex brain,,,,,,,Unknown
GSM1424047,combined_metadata.csv,Homo sapiens,prefrontal cortex brain,,,,,,,Unknown
GSM1424048,combined_metadata.csv,Homo sapiens,prefrontal cortex brain,,,,,,,Unknown
GSM1424049,combined_metadata.csv,Homo sapiens,prefrontal cortex brain,,,,,,,Unknown
GSM1424050,combined_metadata.csv,Homo sapiens,prefrontal cortex brain,,,,,,,Unknown
GSM1424051,combined_metadata.csv,Homo sapiens,prefrontal cortex brain,,,,,,,Unknown
GSM1424052,combined_metadata.csv,Homo sapiens,prefrontal cortex brain,,,,,,,Unknown
GSM1424053,combined_metadata.csv,Homo sapiens,prefrontal cortex brain,,,,,,,Unknown
GSM1424054,combined_metadata.csv,Homo sapiens,prefrontal cortex brain,,,,,,,Unknown
GSM1424055,combined_metadata.csv,Homo sapiens,prefrontal cortex brain,,,,,,,Unknown
GSM1424056,combined_metadata.csv,Homo sapiens,prefrontal cortex brain,,,,,,,Unknown
GSM1424057,combined_metadata.csv,Homo sapiens,prefrontal cortex brain,,,,,,,Unknown
GSM1424058,combined_metadata.csv,Homo sapiens,prefrontal cortex brain,,,,,,,Unknown
GSM1424059,combined_metadata.csv,Homo sapiens,prefrontal cortex brain,,,,,,,Unknown
GSM1424060,combined_metadata.csv,Homo sapiens,prefrontal cortex brain,,,,,,,Unknown
GSM1424061,combined_metadata.csv,Homo sapiens,prefrontal cortex brain,,,,,,,Unknown
GSM1424062,combined_metadata.csv,Homo sapiens,prefrontal cortex brain,,,,,,,Unknown
GSM1424063,combined_metadata.csv,Homo sapiens,prefrontal cortex brain,,,,,,,Unknown
GSM1424064,combined_metadata.csv,Homo sapiens,prefrontal cortex brain,,,,,,,Unknown
GSM1424065,combined_metadata.csv,Homo sapiens,prefrontal cortex brain,,,,,,,Unknown
GSM1424066,combined_metadata.csv,Homo sapiens,prefrontal cortex brain,,,,,,,Unknown
GSM1424067,combined_metadata.csv,Homo sapiens,prefrontal cortex brain,,,,,,,Unknown
GSM1424068,combined_metadata.csv,Homo sapiens,prefrontal cortex brain,,,,,,,Unknown
GSM1424069,combined_metadata.csv,Homo sapiens,prefrontal cortex brain,,,,,,,Unknown
GSM1424070,combined_metadata.csv,Homo sapiens,prefrontal cortex brain,,,,,,,Unknown
GSM1424071,combined_metadata.csv,Homo sapiens,prefrontal cortex brain,,,,,,,Unknown
GSM1424072,combined_metadata.csv,Homo sapiens,prefrontal cortex brain,,,,,,,Unknown
GSM1424073,combined_metadata.csv,Homo sapiens,prefrontal cortex brain,,,,,,,Unknown
GSM1424074,combined_metadata.csv,Homo sapiens,prefrontal cortex brain,,,,,,,Unknown
GSM1424075,combined_metadata.csv,Homo sapiens,prefrontal cortex brain,,,,,,,Unknown
GSM1424076,combined_metadata.csv,Homo sapiens,prefrontal cortex brain,,,,,,,Unknown
GSM1424077,combined_metadata.csv,Homo sapiens,prefrontal cortex brain,,,,,,,Unknown
GSM1424078,combined_metadata.csv,Homo sapiens,prefrontal cortex brain,,,,,,,Unknown
GSM1424079,combined_metadata.csv,Homo sapiens,prefrontal cortex brain,,,,,,,Unknown
GSM1424080,combined_metadata.csv,Homo sapiens,prefrontal cortex brain,,,,,,,Unknown
GSM1424081,combined_metadata.csv,Homo sapiens,prefrontal cortex brain,,,,,,,Unknown
GSM1424082,combined_metadata.csv,Homo sapiens,prefrontal cortex brain,,,,,,,Unknown
GSM1424083,combined_metadata.csv,Homo sapiens,prefrontal cortex brain,,,,,,,Unknown
GSM1424084,combined_metadata.csv,Homo sapiens,prefrontal cortex brain,,,,,,,Unknown
GSM1424085,combined_metadata.csv,Homo sapiens,prefrontal cortex brain,,,,,,,Unknown
GSM1424086,combined_metadata.csv,Homo sapiens,prefrontal cortex brain,,,,,,,Unknown
GSM1424087,combined_metadata.csv,Homo sapiens,prefrontal cortex brain,,,,,,,Unknown
GSM1424088,combined_metadata.csv,Homo sapiens,prefrontal cortex brain,,,,,,,Unknown
GSM1424089,combined_metadata.csv,Homo sapiens,prefrontal cortex brain,,,,,,,Unknown
GSM1424090,combined_metadata.csv,Homo sapiens,prefrontal cortex brain,,,,,,,Unknown
GSM1424091,combined_metadata.csv,Homo sapiens,prefrontal cortex brain,,,,,,,Unknown
GSM1424092,combined_metadata.csv,Homo sapiens,prefrontal cortex brain,,,,,,,Unknown
GSM1424093,combined_metadata.csv,Homo sapiens,prefrontal cortex brain,,,,,,,Unknown
GSM1424094,combined_metadata.csv,Homo sapiens,prefrontal cortex brain,,,,,,,Unknown
GSM1424095,combined_metadata.csv,Homo sapiens,prefrontal cortex brain,,,,,,,Unknown
GSM1424096,combined_metadata.csv,Homo sapiens,prefrontal cortex brain,,,,,,,Unknown
GSM1424097,combined_metadata.csv,Homo sapiens,prefrontal cortex brain,,,,,,,Unknown
GSM1424098,combined_metadata.csv,Homo sapiens,prefrontal cortex brain,,,,,,,Unknown
GSM1424099,combined_metadata.csv,Homo sapiens,prefrontal cortex brain,,,,,,,Unknown
GSM1424100,combined_metadata.csv,Homo sapiens,prefrontal cortex brain,,,,,,,Unknown
GSM1424101,combined_metadata.csv,Homo sapiens,prefrontal cortex brain,,,,,,,Unknown
GSM1424102,combined_metadata.csv,Homo sapiens,prefrontal cortex brain,,,,,,,Unknown
GSM1424103,combined_metadata.csv,Homo sapiens,prefrontal cortex brain,,,,,,,Unknown
GSM1424104,combined_metadata.csv,Homo sapiens,prefrontal cortex brain,,,,,,,Unknown
GSM1424105,combined_metadata.csv,Homo sapiens,prefrontal cortex brain,,,,,,,Unknown
GSM1424106,combined_metadata.csv,Homo sapiens,prefrontal cortex brain,,,,,,,Unknown
GSM1424107,combined_metadata.csv,Homo sapiens,prefrontal cortex brain,,,,,,,Unknown
GSM1424108,combined_metadata.csv,Homo sapiens,prefrontal cortex brain,,,,,,,Unknown
GSM1424109,combined_metadata.csv,Homo sapiens,prefrontal cortex brain,,,,,,,Unknown
GSM1424110,combined_metadata.csv,Homo sapiens,prefrontal cortex brain,,,,,,,Unknown
GSM1424111,combined_metadata.csv,Homo sapiens,prefrontal cortex brain,,,,,,,Unknown
GSM1424112,combined_metadata.csv,Homo sapiens,prefrontal cortex brain,,,,,,,Unknown
GSM1424113,combined_metadata.csv,Homo sapiens,prefrontal cortex brain,,,,,,,Unknown
GSM1424114,combined_metadata.csv,Homo sapiens,prefrontal cortex brain,,,,,,,Unknown
GSM1424115,combined_metadata.csv,Homo sapiens,prefrontal cortex brain,,,,,,,Unknown
GSM1424116,combined_metadata.csv,Homo sapiens,prefrontal cortex brain,,,,,,,Unknown
GSM1424117,combined_metadata.csv,Homo sapiens,prefrontal cortex brain,,,,,,,Unknown
GSM1424118,combined_metadata.csv,Homo sapiens,prefrontal cortex brain,,,,,,,Unknown
GSM1424119,combined_metadata.csv,Homo sapiens,prefrontal cortex brain,,,,,,,Unknown
GSM1424120,combined_metadata.csv,Homo sapiens,prefrontal cortex brain,,,,,,,Unknown
GSM1424121,combined_metadata.csv,Homo sapiens,prefrontal cortex brain,,,,,,,Unknown
GSM1424122,combined_metadata.csv,Homo sapiens,prefrontal cortex brain,,,,,,,Unknown
GSM1424123,combined_metadata.csv,Homo sapiens,prefrontal cortex brain,,,,,,,Unknown
GSM1424124,combined_metadata.csv,Homo sapiens,prefrontal cortex brain,,,,,,,Unknown
GSM1424125,combined_metadata.csv,Homo sapiens,prefrontal cortex brain,,,,,,,Unknown
GSM1424126,combined_metadata.csv,Homo sapiens,prefrontal cortex brain,,,,,,,Unknown
GSM1424127,combined_metadata.csv,Homo sapiens,prefrontal cortex brain,,,,,,,Unknown
GSM1424128,combined_metadata.csv,Homo sapiens,prefrontal cortex brain,,,,,,,Unknown
GSM1424129,combined_metadata.csv,Homo sapiens,prefrontal cortex brain,,,,,,,Unknown
GSM1424130,combined_metadata.csv,Homo sapiens,prefrontal cortex brain,,,,,,,Unknown
GSM1424131,combined_metadata.csv,Homo sapiens,prefrontal cortex brain,,,,,,,Unknown
GSM1424132,combined_metadata.csv,Homo sapiens,prefrontal cortex brain,,,,,,,Unknown
GSM1424133,combined_metadata.csv,Homo sapiens,prefrontal cortex brain,,,,,,,Unknown
GSM1424134,combined_metadata.csv,Homo sapiens,prefrontal cortex brain,,,,,,,Unknown
GSM1424135,combined_metadata.csv,Homo sapiens,prefrontal cortex brain,,,,,,,Unknown
GSM1424136,combined_metadata.csv,Homo sapiens,prefrontal cortex brain,,,,,,,Unknown
GSM1424137,combined_metadata.csv,Homo sapiens,prefrontal cortex brain,,,,,,,Unknown
GSM1424138,combined_metadata.csv,Homo sapiens,prefrontal cortex brain,,,,,,,Unknown
GSM1424139,combined_metadata.csv,Homo sapiens,prefrontal cortex brain,,,,,,,Unknown
GSM1424140,combined_metadata.csv,Homo sapiens,prefrontal cortex brain,,,,,,,Unknown
GSM1424141,combined_metadata.csv,Homo sapiens,prefrontal cortex brain,,,,,,,Unknown
GSM1424142,combined_metadata.csv,Homo sapiens,prefrontal cortex brain,,,,,,,Unknown
GSM1424143,combined_metadata.csv,Homo sapiens,prefrontal cortex brain,,,,,,,Unknown
GSM1424144,combined_metadata.csv,Homo sapiens,prefrontal cortex brain,,,,,,,Unknown
GSM1424145,combined_metadata.csv,Homo sapiens,prefrontal cortex brain,,,,,,,Unknown
GSM1424146,combined_metadata.csv,Homo sapiens,prefrontal cortex brain,,,,,,,Unknown
GSM1424147,combined_metadata.csv,Homo sapiens,prefrontal cortex brain,,,,,,,Unknown
GSM1424148,combined_metadata.csv,Homo sapiens,prefrontal cortex brain,,,,,,,Unknown
GSM1424149,combined_metadata.csv,Homo sapiens,prefrontal cortex brain,,,,,,,Unknown
GSM1424150,combined_metadata.csv,Homo sapiens,prefrontal cortex brain,,,,,,,Unknown
GSM1424151,combined_metadata.csv,Homo sapiens,prefrontal cortex brain,,,,,,,Unknown
GSM1424152,combined_metadata.csv,Homo sapiens,prefrontal cortex brain,,,,,,,Unknown
GSM1424153,combined_metadata.csv,Homo sapiens,prefrontal cortex brain,,,,,,,Unknown
GSM1424154,combined_metadata.csv,Homo sapiens,prefrontal cortex brain,,,,,,,Unknown
GSM1424155,combined_metadata.csv,Homo sapiens,prefrontal cortex brain,,,,,,,Unknown
GSM1424156,combined_metadata.csv,Homo sapiens,prefrontal cortex brain,,,,,,,Unknown
GSM1424157,combined_metadata.csv,Homo sapiens,prefrontal cortex brain,,,,,,,Unknown
GSM1424158,combined_metadata.csv,Homo sapiens,prefrontal cortex brain,,,,,,,Unknown
GSM1424159,combined_metadata.csv,Homo sapiens,prefrontal cortex brain,,,,,,,Unknown
GSM1424160,combined_metadata.csv,Homo sapiens,prefrontal cortex brain,,,,,,,Unknown
GSM1424161,combined_metadata.csv,Homo sapiens,prefrontal cortex brain,,,,,,,Unknown
GSM1424162,combined_metadata.csv,Homo sapiens,prefrontal cortex brain,,,,,,,Unknown
GSM1424163,combined_metadata.csv,Homo sapiens,prefrontal cortex brain,,,,,,,Unknown
GSM1424164,combined_metadata.csv,Homo sapiens,prefrontal cortex brain,,,,,,,Unknown
GSM1424165,combined_metadata.csv,Homo sapiens,prefrontal cortex brain,,,,,,,Unknown
GSM1424166,combined_metadata.csv,Homo sapiens,prefrontal cortex brain,,,,,,,Unknown
GSM1424167,combined_metadata.csv,Homo sapiens,prefrontal cortex brain,,,,,,,Unknown
GSM1424168,combined_metadata.csv,Homo sapiens,prefrontal cortex brain,,,,,,,Unknown
GSM1424169,combined_metadata.csv,Homo sapiens,prefrontal cortex brain,,,,,,,Unknown
GSM1424170,combined_metadata.csv,Homo sapiens,prefrontal cortex brain,,,,,,,Unknown
GSM1424171,combined_metadata.csv,Homo sapiens,prefrontal cortex brain,,,,,,,Unknown
GSM1424172,combined_metadata.csv,Homo sapiens,prefrontal cortex brain,,,,,,,Unknown
GSM1424173,combined_metadata.csv,Homo sapiens,prefrontal cortex brain,,,,,,,Unknown
GSM1424174,combined_metadata.csv,Homo sapiens,prefrontal cortex brain,,,,,,,Unknown
GSM1424175,combined_metadata.csv,Homo sapiens,prefrontal cortex brain,,,,,,,Unknown
GSM1424176,combined_metadata.csv,Homo sapiens,prefrontal cortex brain,,,,,,,Unknown
GSM1424177,combined_metadata.csv,Homo sapiens,prefrontal cortex brain,,,,,,,Unknown
GSM1424178,combined_metadata.csv,Homo sapiens,prefrontal cortex brain,,,,,,,Unknown
GSM1424179,combined_metadata.csv,Homo sapiens,prefrontal cortex brain,,,,,,,Unknown
GSM1424180,combined_metadata.csv,Homo sapiens,prefrontal cortex brain,,,,,,,Unknown
GSM1424181,combined_metadata.csv,Homo sapiens,prefrontal cortex brain,,,,,,,Unknown
GSM1424182,combined_metadata.csv,Homo sapiens,prefrontal cortex brain,,,,,,,Unknown
GSM1424183,combined_metadata.csv,Homo sapiens,prefrontal cortex brain,,,,,,,Unknown
GSM1424184,combined_metadata.csv,Homo sapiens,prefrontal cortex brain,,,,,,,Unknown
GSM1424185,combined_metadata.csv,Homo sapiens,prefrontal cortex brain,,,,,,,Unknown
GSM1424186,combined_metadata.csv,Homo sapiens,prefrontal cortex brain,,,,,,,Unknown
GSM1424187,combined_metadata.csv,Homo sapiens,prefrontal cortex brain,,,,,,,Unknown
GSM1424188,combined_metadata.csv,Homo sapiens,prefrontal cortex brain,,,,,,,Unknown
GSM1424189,combined_metadata.csv,Homo sapiens,prefrontal cortex brain,,,,,,,Unknown
GSM1424190,combined_metadata.csv,Homo sapiens,prefrontal cortex brain,,,,,,,Unknown
GSM1424191,combined_metadata.csv,Homo sapiens,prefrontal cortex brain,,,,,,,Unknown
GSM1424192,combined_metadata.csv,Homo sapiens,prefrontal cortex brain,,,,,,,Unknown
GSM1424193,combined_metadata.csv,Homo sapiens,prefrontal cortex brain,,,,,,,Unknown
GSM1424194,combined_metadata.csv,Homo sapiens,prefrontal cortex brain,,,,,,,Unknown
GSM1424195,combined_metadata.csv,Homo sapiens,prefrontal cortex brain,,,,,,,Unknown
GSM1424196,combined_metadata.csv,Homo sapiens,prefrontal cortex brain,,,,,,,Unknown
GSM1424197,combined_metadata.csv,Homo sapiens,prefrontal cortex brain,,,,,,,Unknown
GSM1424198,combined_metadata.csv,Homo sapiens,prefrontal cortex brain,,,,,,,Unknown
GSM1424199,combined_metadata.csv,Homo sapiens,prefrontal cortex brain,,,,,,,Unknown
GSM1424200,combined_metadata.csv,Homo sapiens,prefrontal cortex brain,,,,,,,Unknown
GSM1424201,combined_metadata.csv,Homo sapiens,prefrontal cortex brain,,,,,,,Unknown
GSM1424202,combined_metadata.csv,Homo sapiens,prefrontal cortex brain,,,,,,,Unknown
GSM1424203,combined_metadata.csv,Homo sapiens,prefrontal cortex brain,,,,,,,Unknown
GSM1424204,combined_metadata.csv,Homo sapiens,prefrontal cortex brain,,,,,,,Unknown
GSM1424205,combined_metadata.csv,Homo sapiens,prefrontal cortex brain,,,,,,,Unknown
GSM1424206,combined_metadata.csv,Homo sapiens,prefrontal cortex brain,,,,,,,Unknown
GSM1424207,combined_metadata.csv,Homo sapiens,prefrontal cortex brain,,,,,,,Unknown
GSM1424208,combined_metadata.csv,Homo sapiens,prefrontal cortex brain,,,,,,,Unknown
GSM1424209,combined_metadata.csv,Homo sapiens,prefrontal cortex brain,,,,,,,Unknown
GSM1424210,combined_metadata.csv,Homo sapiens,prefrontal cortex brain,,,,,,,Unknown
GSM1424211,combined_metadata.csv,Homo sapiens,prefrontal cortex brain,,,,,,,Unknown
GSM1424212,combined_metadata.csv,Homo sapiens,prefrontal cortex brain,,,,,,,Unknown
GSM1424213,combined_metadata.csv,Homo sapiens,prefrontal cortex brain,,,,,,,Unknown
GSM1424214,combined_metadata.csv,Homo sapiens,prefrontal cortex brain,,,,,,,Unknown
GSM1424215,combined_metadata.csv,Homo sapiens,prefrontal cortex brain,,,,,,,Unknown
GSM1424216,combined_metadata.csv,Homo sapiens,prefrontal cortex brain,,,,,,,Unknown
GSM1424217,combined_metadata.csv,Homo sapiens,prefrontal cortex brain,,,,,,,Unknown
GSM1424218,combined_metadata.csv,Homo sapiens,prefrontal cortex brain,,,,,,,Unknown
GSM1424219,combined_metadata.csv,Homo sapiens,prefrontal cortex brain,,,,,,,Unknown
GSM1424220,combined_metadata.csv,Homo sapiens,prefrontal cortex brain,,,,,,,Unknown
GSM1424221,combined_metadata.csv,Homo sapiens,prefrontal cortex brain,,,,,,,Unknown
GSM1424222,combined_metadata.csv,Homo sapiens,prefrontal cortex brain,,,,,,,Unknown
GSM1424223,combined_metadata.csv,Homo sapiens,prefrontal cortex brain,,,,,,,Unknown
GSM1424224,combined_metadata.csv,Homo sapiens,prefrontal cortex brain,,,,,,,Unknown
GSM1424225,combined_metadata.csv,Homo sapiens,prefrontal cortex brain,,,,,,,Unknown
GSM1424226,combined_metadata.csv,Homo sapiens,prefrontal cortex brain,,,,,,,Unknown
GSM1424227,combined_metadata.csv,Homo sapiens,prefrontal cortex brain,,,,,,,Unknown
GSM1424228,combined_metadata.csv,Homo sapiens,prefrontal cortex brain,,,,,,,Unknown
GSM1424229,combined_metadata.csv,Homo sapiens,prefrontal cortex brain,,,,,,,Unknown
GSM1424230,combined_metadata.csv,Homo sapiens,prefrontal cortex brain,,,,,,,Unknown
GSM1424231,combined_metadata.csv,Homo sapiens,prefrontal cortex brain,,,,,,,Unknown
GSM1424232,combined_metadata.csv,Homo sapiens,prefrontal cortex brain,,,,,,,Unknown
GSM1424233,combined_metadata.csv,Homo sapiens,prefrontal cortex brain,,,,,,,Unknown
GSM1424234,combined_metadata.csv,Homo sapiens,prefrontal cortex brain,,,,,,,Unknown
GSM1424235,combined_metadata.csv,Homo sapiens,prefrontal cortex brain,,,,,,,Unknown
GSM1424236,combined_metadata.csv,Homo sapiens,prefrontal cortex brain,,,,,,,Unknown
GSM1424237,combined_metadata.csv,Homo sapiens,prefrontal cortex brain,,,,,,,Unknown
GSM1424238,combined_metadata.csv,Homo sapiens,prefrontal cortex brain,,,,,,,Unknown
GSM1424239,combined_metadata.csv,Homo sapiens,prefrontal cortex brain,,,,,,,Unknown
GSM1424240,combined_metadata.csv,Homo sapiens,prefrontal cortex brain,,,,,,,Unknown
GSM1424241,combined_metadata.csv,Homo sapiens,prefrontal cortex brain,,,,,,,Unknown
GSM1424242,combined_metadata.csv,Homo sapiens,prefrontal cortex brain,,,,,,,Unknown
GSM1424243,combined_metadata.csv,Homo sapiens,prefrontal cortex brain,,,,,,,Unknown
GSM1424244,combined_metadata.csv,Homo sapiens,prefrontal cortex brain,,,,,,,Unknown
GSM1424245,combined_metadata.csv,Homo sapiens,prefrontal cortex brain,,,,,,,Unknown
GSM1424246,combined_metadata.csv,Homo sapiens,prefrontal cortex brain,,,,,,,Unknown
GSM1424247,combined_metadata.csv,Homo sapiens,prefrontal cortex brain,,,,,,,Unknown
GSM1424248,combined_metadata.csv,Homo sapiens,prefrontal cortex brain,,,,,,,Unknown
GSM1424249,combined_metadata.csv,Homo sapiens,prefrontal cortex brain,,,,,,,Unknown
GSM1424250,combined_metadata.csv,Homo sapiens,prefrontal cortex brain,,,,,,,Unknown
GSM1424251,combined_metadata.csv,Homo sapiens,prefrontal cortex brain,,,,,,,Unknown
GSM1424252,combined_metadata.csv,Homo sapiens,prefrontal cortex brain,,,,,,,Unknown
GSM1424253,combined_metadata.csv,Homo sapiens,prefrontal cortex brain,,,,,,,Unknown
GSM1424254,combined_metadata.csv,Homo sapiens,prefrontal cortex brain,,,,,,,Unknown
GSM1424255,combined_metadata.csv,Homo sapiens,prefrontal cortex brain,,,,,,,Unknown
GSM1424256,combined_metadata.csv,Homo sapiens,prefrontal cortex brain,,,,,,,Unknown
GSM1424257,combined_metadata.csv,Homo sapiens,prefrontal cortex brain,,,,,,,Unknown
GSM1424258,combined_metadata.csv,Homo sapiens,prefrontal cortex brain,,,,,,,Unknown
GSM1424259,combined_metadata.csv,Homo sapiens,prefrontal cortex brain,,,,,,,Unknown
GSM1424260,combined_metadata.csv,Homo sapiens,prefrontal cortex brain,,,,,,,Unknown
GSM1424261,combined_metadata.csv,Homo sapiens,prefrontal cortex brain,,,,,,,Unknown
GSM1424262,combined_metadata.csv,Homo sapiens,prefrontal cortex brain,,,,,,,Unknown
GSM1424263,combined_metadata.csv,Homo sapiens,prefrontal cortex brain,,,,,,,Unknown
GSM1424264,combined_metadata.csv,Homo sapiens,prefrontal cortex brain,,,,,,,Unknown
GSM1424265,combined_metadata.csv,Homo sapiens,prefrontal cortex brain,,,,,,,Unknown
GSM1424266,combined_metadata.csv,Homo sapiens,prefrontal cortex brain,,,,,,,Unknown
GSM1424267,combined_metadata.csv,Homo sapiens,prefrontal cortex brain,,,,,,,Unknown
GSM1424268,combined_metadata.csv,Homo sapiens,prefrontal cortex brain,,,,,,,Unknown
GSM1424269,combined_metadata.csv,Homo sapiens,prefrontal cortex brain,,,,,,,Unknown
GSM1424270,combined_metadata.csv,Homo sapiens,prefrontal cortex brain,,,,,,,Unknown
GSM1424271,combined_metadata.csv,Homo sapiens,prefrontal cortex brain,,,,,,,Unknown
GSM1424272,combined_metadata.csv,Homo sapiens,prefrontal cortex brain,,,,,,,Unknown
GSM1424273,combined_metadata.csv,Homo sapiens,prefrontal cortex brain,,,,,,,Unknown
GSM1424274,combined_metadata.csv,Homo sapiens,prefrontal cortex brain,,,,,,,Unknown
GSM1424275,combined_metadata.csv,Homo sapiens,prefrontal cortex brain,,,,,,,Unknown
GSM1424276,combined_metadata.csv,Homo sapiens,prefrontal cortex brain,,,,,,,Unknown
GSM1424277,combined_metadata.csv,Homo sapiens,prefrontal cortex brain,,,,,,,Unknown
GSM1424278,combined_metadata.csv,Homo sapiens,prefrontal cortex brain,,,,,,,Unknown
GSM1424279,combined_metadata.csv,Homo sapiens,prefrontal cortex brain,,,,,,,Unknown
GSM1424280,combined_metadata.csv,Homo sapiens,prefrontal cortex brain,,,,,,,Unknown
GSM1424281,combined_metadata.csv,Homo sapiens,prefrontal cortex brain,,,,,,,Unknown
GSM1424282,combined_metadata.csv,Homo sapiens,prefrontal cortex brain,,,,,,,Unknown
GSM1424283,combined_metadata.csv,Homo sapiens,prefrontal cortex brain,,,,,,,Unknown
GSM1424284,combined_metadata.csv,Homo sapiens,prefrontal cortex brain,,,,,,,Unknown
GSM1424285,combined_metadata.csv,Homo sapiens,prefrontal cortex brain,,,,,,,Unknown
GSM1424286,combined_metadata.csv,Homo sapiens,prefrontal cortex brain,,,,,,,Unknown
GSM1424287,combined_metadata.csv,Homo sapiens,prefrontal cortex brain,,,,,,,Unknown
GSM1424288,combined_metadata.csv,Homo sapiens,prefrontal cortex brain,,,,,,,Unknown
GSM1424289,combined_metadata.csv,Homo sapiens,prefrontal cortex brain,,,,,,,Unknown
GSM1424290,combined_metadata.csv,Homo sapiens,prefrontal cortex brain,,,,,,,Unknown
GSM1424291,combined_metadata.csv,Homo sapiens,prefrontal cortex brain,,,,,,,Unknown
GSM1424292,combined_metadata.csv,Homo sapiens,prefrontal cortex brain,,,,,,,Unknown
GSM1424293,combined_metadata.csv,Homo sapiens,prefrontal cortex brain,,,,,,,Unknown
GSM1424294,combined_metadata.csv,Homo sapiens,prefrontal cortex brain,,,,,,,Unknown
GSM1424295,combined_metadata.csv,Homo sapiens,prefrontal cortex brain,,,,,,,Unknown
GSM1424296,combined_metadata.csv,Homo sapiens,prefrontal cortex brain,,,,,,,Unknown
GSM1424297,combined_metadata.csv,Homo sapiens,prefrontal cortex brain,,,,,,,Unknown
GSM1424298,combined_metadata.csv,Homo sapiens,prefrontal cortex brain,,,,,,,Unknown
GSM1424299,combined_metadata.csv,Homo sapiens,prefrontal cortex brain,,,,,,,Unknown
GSM1424300,combined_metadata.csv,Homo sapiens,prefrontal cortex brain,,,,,,,Unknown
GSM1424301,combined_metadata.csv,Homo sapiens,prefrontal cortex brain,,,,,,,Unknown
GSM1424302,combined_metadata.csv,Homo sapiens,prefrontal cortex brain,,,,,,,Unknown
GSM1424303,combined_metadata.csv,Homo sapiens,prefrontal cortex brain,,,,,,,Unknown
GSM1424304,combined_metadata.csv,Homo sapiens,prefrontal cortex brain,,,,,,,Unknown
GSM1424305,combined_metadata.csv,Homo sapiens,prefrontal cortex brain,,,,,,,Unknown
GSM1424306,combined_metadata.csv,Homo sapiens,prefrontal cortex brain,,,,,,,Unknown
GSM1424307,combined_metadata.csv,Homo sapiens,prefrontal cortex brain,,,,,,,Unknown
GSM1424308,combined_metadata.csv,Homo sapiens,prefrontal cortex brain,,,,,,,Unknown
GSM1424309,combined_metadata.csv,Homo sapiens,prefrontal cortex brain,,,,,,,Unknown
GSM1424310,combined_metadata.csv,Homo sapiens,prefrontal cortex brain,,,,,,,Unknown
GSM1424311,combined_metadata.csv,Homo sapiens,prefrontal cortex brain,,,,,,,Unknown
GSM1424312,combined_metadata.csv,Homo sapiens,prefrontal cortex brain,,,,,,,Unknown
GSM1424313,combined_metadata.csv,Homo sapiens,prefrontal cortex brain,,,,,,,Unknown
GSM1424314,combined_metadata.csv,Homo sapiens,prefrontal cortex brain,,,,,,,Unknown
GSM1424315,combined_metadata.csv,Homo sapiens,prefrontal cortex brain,,,,,,,Unknown
GSM1424316,combined_metadata.csv,Homo sapiens,prefrontal cortex brain,,,,,,,Unknown
GSM1424317,combined_metadata.csv,Homo sapiens,prefrontal cortex brain,,,,,,,Unknown
GSM1424318,combined_metadata.csv,Homo sapiens,prefrontal cortex brain,,,,,,,Unknown
GSM1424319,combined_metadata.csv,Homo sapiens,prefrontal cortex brain,,,,,,,Unknown
GSM1424320,combined_metadata.csv,Homo sapiens,prefrontal cortex brain,,,,,,,Unknown
GSM1424321,combined_metadata.csv,Homo sapiens,prefrontal cortex brain,,,,,,,Unknown
GSM1424322,combined_metadata.csv,Homo sapiens,prefrontal cortex brain,,,,,,,Unknown
GSM1424323,combined_metadata.csv,Homo sapiens,prefrontal cortex brain,,,,,,,Unknown
GSM1424324,combined_metadata.csv,Homo sapiens,prefrontal cortex brain,,,,,,,Unknown
GSM1424325,combined_metadata.csv,Homo sapiens,prefrontal cortex brain,,,,,,,Unknown
GSM1424326,combined_metadata.csv,Homo sapiens,prefrontal cortex brain,,,,,,,Unknown
GSM1424327,combined_metadata.csv,Homo sapiens,prefrontal cortex brain,,,,,,,Unknown
GSM1424328,combined_metadata.csv,Homo sapiens,prefrontal cortex brain,,,,,,,Unknown
GSM1424329,combined_metadata.csv,Homo sapiens,prefrontal cortex brain,,,,,,,Unknown
GSM1424330,combined_metadata.csv,Homo sapiens,prefrontal cortex brain,,,,,,,Unknown
GSM1424331,combined_metadata.csv,Homo sapiens,prefrontal cortex brain,,,,,,,Unknown
GSM1424332,combined_metadata.csv,Homo sapiens,prefrontal cortex brain,,,,,,,Unknown
GSM1424333,combined_metadata.csv,Homo sapiens,prefrontal cortex brain,,,,,,,Unknown
GSM1424334,combined_metadata.csv,Homo sapiens,prefrontal cortex brain,,,,,,,Unknown
GSM1424335,combined_metadata.csv,Homo sapiens,prefrontal cortex brain,,,,,,,Unknown
GSM1424336,combined_metadata.csv,Homo sapiens,prefrontal cortex brain,,,,,,,Unknown
GSM1424337,combined_metadata.csv,Homo sapiens,prefrontal cortex brain,,,,,,,Unknown
GSM1424338,combined_metadata.csv,Homo sapiens,prefrontal cortex brain,,,,,,,Unknown
GSM1424339,combined_metadata.csv,Homo sapiens,prefrontal cortex brain,,,,,,,Unknown
GSM1424340,combined_metadata.csv,Homo sapiens,prefrontal cortex brain,,,,,,,Unknown
GSM1424341,combined_metadata.csv,Homo sapiens,prefrontal cortex brain,,,,,,,Unknown
GSM1424342,combined_metadata.csv,Homo sapiens,prefrontal cortex brain,,,,,,,Unknown
GSM1424343,combined_metadata.csv,Homo sapiens,prefrontal cortex brain,,,,,,,Unknown
GSM1424344,combined_metadata.csv,Homo sapiens,prefrontal cortex brain,,,,,,,Unknown
GSM1424345,combined_metadata.csv,Homo sapiens,prefrontal cortex brain,,,,,,,Unknown
GSM1424346,combined_metadata.csv,Homo sapiens,prefrontal cortex brain,,,,,,,Unknown
GSM1424347,combined_metadata.csv,Homo sapiens,prefrontal cortex brain,,,,,,,Unknown
GSM1424348,combined_metadata.csv,Homo sapiens,prefrontal cortex brain,,,,,,,Unknown
GSM1424349,combined_metadata.csv,Homo sapiens,prefrontal cortex brain,,,,,,,Unknown
GSM1424350,combined_metadata.csv,Homo sapiens,prefrontal cortex brain,,,,,,,Unknown
GSM1424351,combined_metadata.csv,Homo sapiens,prefrontal cortex brain,,,,,,,Unknown
GSM1424352,combined_metadata.csv,Homo sapiens,prefrontal cortex brain,,,,,,,Unknown
GSM1424353,combined_metadata.csv,Homo sapiens,prefrontal cortex brain,,,,,,,Unknown
GSM1424354,combined_metadata.csv,Homo sapiens,prefrontal cortex brain,,,,,,,Unknown
GSM1424355,combined_metadata.csv,Homo sapiens,prefrontal cortex brain,,,,,,,Unknown
GSM1424356,combined_metadata.csv,Homo sapiens,prefrontal cortex brain,,,,,,,Unknown
GSM1424357,combined_metadata.csv,Homo sapiens,prefrontal cortex brain,,,,,,,Unknown
GSM1424358,combined_metadata.csv,Homo sapiens,prefrontal cortex brain,,,,,,,Unknown
GSM1424359,combined_metadata.csv,Homo sapiens,prefrontal cortex brain,,,,,,,Unknown
GSM1424360,combined_metadata.csv,Homo sapiens,prefrontal cortex brain,,,,,,,Unknown
GSM1424361,combined_metadata.csv,Homo sapiens,prefrontal cortex brain,,,,,,,Unknown
GSM1424362,combined_metadata.csv,Homo sapiens,prefrontal cortex brain,,,,,,,Unknown
GSM1424363,combined_metadata.csv,Homo sapiens,prefrontal cortex brain,,,,,,,Unknown
GSM1424364,combined_metadata.csv,Homo sapiens,prefrontal cortex brain,,,,,,,Unknown
GSM1424365,combined_metadata.csv,Homo sapiens,prefrontal cortex brain,,,,,,,Unknown
GSM1424366,combined_metadata.csv,Homo sapiens,prefrontal cortex brain,,,,,,,Unknown
GSM1424367,combined_metadata.csv,Homo sapiens,prefrontal cortex brain,,,,,,,Unknown
GSM1424368,combined_metadata.csv,Homo sapiens,prefrontal cortex brain,,,,,,,Unknown
GSM1424369,combined_metadata.csv,Homo sapiens,prefrontal cortex brain,,,,,,,Unknown
GSM1424370,combined_metadata.csv,Homo sapiens,prefrontal cortex brain,,,,,,,Unknown
GSM1424371,combined_metadata.csv,Homo sapiens,prefrontal cortex brain,,,,,,,Unknown
GSM1424372,combined_metadata.csv,Homo sapiens,prefrontal cortex brain,,,,,,,Unknown
GSM1424373,combined_metadata.csv,Homo sapiens,prefrontal cortex brain,,,,,,,Unknown
GSM1424374,combined_metadata.csv,Homo sapiens,prefrontal cortex brain,,,,,,,Unknown
GSM1424375,combined_metadata.csv,Homo sapiens,prefrontal cortex brain,,,,,,,Unknown
GSM1424376,combined_metadata.csv,Homo sapiens,prefrontal cortex brain,,,,,,,Unknown
GSM1424377,combined_metadata.csv,Homo sapiens,prefrontal cortex brain,,,,,,,Unknown
GSM1424378,combined_metadata.csv,Homo sapiens,prefrontal cortex brain,,,,,,,Unknown
GSM1424379,combined_metadata.csv,Homo sapiens,prefrontal cortex brain,,,,,,,Unknown
GSM1424380,combined_metadata.csv,Homo sapiens,prefrontal cortex brain,,,,,,,Unknown
GSM1424381,combined_metadata.csv,Homo sapiens,prefrontal cortex brain,,,,,,,Unknown
GSM1424382,combined_metadata.csv,Homo sapiens,prefrontal cortex brain,,,,,,,Unknown
GSM1424383,combined_metadata.csv,Homo sapiens,prefrontal cortex brain,,,,,,,Unknown
GSM1424384,combined_metadata.csv,Homo sapiens,prefrontal cortex brain,,,,,,,Unknown
GSM1424385,combined_metadata.csv,Homo sapiens,prefrontal cortex brain,,,,,,,Unknown
GSM1424386,combined_metadata.csv,Homo sapiens,prefrontal cortex brain,,,,,,,Unknown
GSM1424387,combined_metadata.csv,Homo sapiens,prefrontal cortex brain,,,,,,,Unknown
GSM1424388,combined_metadata.csv,Homo sapiens,prefrontal cortex brain,,,,,,,Unknown
GSM1424389,combined_metadata.csv,Homo sapiens,prefrontal cortex brain,,,,,,,Unknown
GSM1424390,combined_metadata.csv,Homo sapiens,prefrontal cortex brain,,,,,,,Unknown
GSM1424391,combined_metadata.csv,Homo sapiens,prefrontal cortex brain,,,,,,,Unknown
GSM1424392,combined_metadata.csv,Homo sapiens,prefrontal cortex brain,,,,,,,Unknown
GSM1424393,combined_metadata.csv,Homo sapiens,prefrontal cortex brain,,,,,,,Unknown
GSM1424394,combined_metadata.csv,Homo sapiens,prefrontal cortex brain,,,,,,,Unknown
GSM1424395,combined_metadata.csv,Homo sapiens,prefrontal cortex brain,,,,,,,Unknown
GSM1424396,combined_metadata.csv,Homo sapiens,prefrontal cortex brain,,,,,,,Unknown
GSM1424397,combined_metadata.csv,Homo sapiens,prefrontal cortex brain,,,,,,,Unknown
GSM1424398,combined_metadata.csv,Homo sapiens,prefrontal cortex brain,,,,,,,Unknown
GSM1424399,combined_metadata.csv,Homo sapiens,prefrontal cortex brain,,,,,,,Unknown
GSM1424400,combined_metadata.csv,Homo sapiens,prefrontal cortex brain,,,,,,,Unknown
GSM1424401,combined_metadata.csv,Homo sapiens,prefrontal cortex brain,,,,,,,Unknown
GSM1424402,combined_metadata.csv,Homo sapiens,prefrontal cortex brain,,,,,,,Unknown
GSM1424403,combined_metadata.csv,Homo sapiens,prefrontal cortex brain,,,,,,,Unknown
